IDTransacción;ClaveFecha;IDCliente;IDProducto;IDTienda;Cantidad;Descuento;MetodoPago
T00001;18/06/2024;C160;P014;S003;1;0.1;Bank Transfer
T00002;2/11/2023;C171;P030;S004;3;0.15;Bank Transfer
T00003;28/03/2024;C142;P002;S002;2;0.15;Mobile Money
T00004;15/06/2024;C174;P050;S002;5;0.1;Mobile Money
T00005;29/08/2024;C141;P036;S001;3;0.1;Credit Card
T00006;28/03/2025;C111;P036;S005;5;0.1;Mobile Money
T00007;9/11/2024;C114;P009;S004;2;0.15;Credit Card
T00008;28/05/2024;C169;P005;S001;3;0.1;Cash
T00009;4/09/2024;C193;P035;S002;3;0.05;Credit Card
T00010;16/06/2024;C038;P045;S001;1;0.05;Mobile Money
T00011;9/03/2025;C157;P022;S001;4;0.15;Credit Card
T00012;6/06/2024;C184;P042;S004;4;0.15;Credit Card
T00013;2/10/2023;C038;P048;S001;1;0.15;Credit Card
T00014;28/10/2024;C046;P034;S005;4;0;Credit Card
T00015;23/03/2025;C032;P016;S004;2;0.15;Bank Transfer
T00016;14/12/2023;C194;P024;S004;5;0.15;Mobile Money
T00017;24/12/2024;C041;P026;S004;4;0.1;Credit Card
T00018;30/05/2025;C164;P033;S003;5;0.15;Credit Card
T00019;21/04/2025;C071;P011;S004;1;0.1;Credit Card
T00020;7/01/2025;C070;P007;S003;3;0;Credit Card
T00021;16/11/2024;C039;P018;S002;4;0.05;Credit Card
T00022;26/11/2024;C017;P022;S004;4;0.1;Mobile Money
T00023;2/08/2024;C107;P023;S001;2;0.15;Mobile Money
T00024;30/03/2025;C198;P013;S005;1;0.15;Mobile Money
T00025;2/06/2024;C002;P039;S003;3;0.15;Mobile Money
T00026;26/10/2024;C138;P021;S005;5;0.05;Mobile Money
T00027;23/01/2024;C057;P039;S003;4;0.15;Cash
T00028;15/12/2024;C100;P020;S003;4;0.05;Mobile Money
T00029;9/04/2025;C033;P013;S005;5;0;Mobile Money
T00030;26/02/2025;C152;P028;S005;1;0;Mobile Money
T00031;16/12/2024;C035;P019;S004;2;0;Bank Transfer
T00032;16/01/2025;C098;P028;S003;2;0.15;Bank Transfer
T00033;20/07/2025;C087;P021;S004;3;0.15;Bank Transfer
T00034;13/11/2023;C021;P037;S004;1;0;Bank Transfer
T00035;16/02/2024;C058;P047;S001;1;0;Credit Card
T00036;3/06/2025;C052;P049;S001;5;0.05;Credit Card
T00037;17/01/2024;C033;P030;S004;1;0.05;Mobile Money
T00038;6/05/2025;C180;P041;S003;3;0.05;Cash
T00039;13/10/2024;C200;P001;S002;3;0;Cash
T00040;2/08/2024;C080;P011;S005;4;0.15;Credit Card
T00041;20/12/2023;C020;P044;S005;2;0;Bank Transfer
T00042;3/06/2024;C176;P025;S005;1;0;Bank Transfer
T00043;30/10/2024;C137;P011;S004;3;0;Bank Transfer
T00044;31/12/2024;C004;P033;S004;4;0;Mobile Money
T00045;30/09/2024;C093;P045;S004;2;0.15;Credit Card
T00046;27/11/2023;C188;P027;S005;3;0.15;Mobile Money
T00047;6/05/2025;C112;P045;S005;3;0.1;Credit Card
T00048;25/01/2025;C023;P011;S003;4;0.05;Mobile Money
T00049;9/08/2025;C146;P013;S005;4;0.1;Cash
T00050;14/08/2025;C127;P007;S003;2;0.15;Credit Card
T00051;25/09/2024;C091;P026;S003;3;0.1;Bank Transfer
T00052;9/05/2025;C143;P022;S001;5;0.05;Cash
T00053;30/09/2024;C062;P047;S004;4;0.05;Mobile Money
T00054;29/01/2024;C166;P001;S004;4;0;Cash
T00055;27/06/2024;C076;P009;S002;4;0.05;Bank Transfer
T00056;19/08/2025;C170;P028;S005;3;0.15;Bank Transfer
T00057;11/10/2024;C109;P011;S005;3;0.1;Mobile Money
T00058;20/01/2024;C070;P034;S003;3;0.05;Cash
T00059;14/02/2025;C185;P027;S002;3;0;Credit Card
T00060;26/11/2024;C050;P044;S002;4;0.1;Bank Transfer
T00061;20/03/2025;C026;P006;S002;3;0.05;Bank Transfer
T00062;3/05/2025;C046;P027;S003;1;0.05;Bank Transfer
T00063;1/06/2024;C012;P036;S001;5;0.1;Credit Card
T00064;15/11/2024;C164;P048;S004;1;0;Bank Transfer
T00065;26/05/2024;C121;P028;S004;4;0.1;Credit Card
T00066;20/04/2024;C014;P010;S003;4;0;Cash
T00067;16/02/2025;C103;P042;S004;1;0;Credit Card
T00068;15/03/2024;C039;P002;S005;3;0;Credit Card
T00069;14/11/2023;C031;P040;S005;4;0.05;Mobile Money
T00070;2/12/2024;C116;P013;S004;3;0.15;Bank Transfer
T00071;18/11/2023;C146;P044;S005;1;0;Credit Card
T00072;5/01/2025;C161;P012;S002;3;0;Credit Card
T00073;8/10/2024;C062;P022;S002;5;0;Credit Card
T00074;1/07/2024;C001;P014;S004;4;0.15;Bank Transfer
T00075;24/04/2024;C009;P018;S002;3;0.1;Mobile Money
T00076;20/05/2025;C019;P005;S002;3;0.05;Mobile Money
T00077;19/06/2025;C030;P031;S005;2;0.05;Bank Transfer
T00078;24/07/2024;C037;P015;S001;1;0.05;Bank Transfer
T00079;6/01/2024;C153;P018;S005;3;0.15;Cash
T00080;21/11/2023;C120;P021;S003;4;0.1;Mobile Money
T00081;20/06/2024;C113;P009;S001;5;0;Mobile Money
T00082;23/10/2023;C189;P009;S003;5;0.1;Cash
T00083;16/08/2024;C024;P039;S002;5;0;Bank Transfer
T00084;28/05/2025;C148;P038;S001;2;0.15;Mobile Money
T00085;13/10/2023;C072;P014;S002;5;0.15;Mobile Money
T00086;17/09/2023;C024;P018;S004;3;0.15;Bank Transfer
T00087;17/10/2024;C083;P036;S001;2;0.1;Mobile Money
T00088;23/05/2025;C178;P024;S004;3;0.15;Cash
T00089;31/01/2025;C117;P049;S001;3;0.1;Bank Transfer
T00090;15/11/2023;C030;P046;S004;5;0;Mobile Money
T00091;26/07/2025;C106;P039;S001;2;0.1;Mobile Money
T00092;6/05/2025;C161;P049;S004;1;0.05;Bank Transfer
T00093;23/09/2023;C141;P048;S002;3;0.15;Mobile Money
T00094;24/12/2023;C032;P019;S001;5;0.05;Credit Card
T00095;13/10/2024;C080;P030;S005;1;0.15;Cash
T00096;8/06/2024;C058;P048;S001;4;0;Credit Card
T00097;16/03/2024;C128;P038;S003;5;0.1;Mobile Money
T00098;15/08/2024;C124;P009;S004;2;0.15;Credit Card
T00099;18/10/2024;C099;P017;S002;5;0.05;Cash
T00100;7/07/2025;C071;P023;S004;3;0.1;Cash
T00101;6/06/2025;C073;P013;S003;5;0.15;Credit Card
T00102;16/07/2025;C115;P006;S005;4;0.1;Bank Transfer
T00103;29/12/2024;C142;P016;S005;4;0.15;Bank Transfer
T00104;18/01/2025;C049;P032;S002;5;0.15;Credit Card
T00105;14/01/2024;C199;P011;S004;1;0.1;Mobile Money
T00106;29/01/2025;C181;P049;S004;4;0.05;Mobile Money
T00107;7/03/2025;C010;P010;S002;5;0.1;Cash
T00108;2/08/2025;C113;P039;S001;5;0.15;Cash
T00109;9/11/2023;C185;P030;S002;4;0.05;Cash
T00110;21/07/2024;C121;P014;S003;3;0.15;Cash
T00111;24/03/2024;C085;P043;S005;4;0.1;Mobile Money
T00112;9/01/2024;C139;P022;S001;5;0;Credit Card
T00113;7/10/2024;C162;P024;S003;2;0;Mobile Money
T00114;18/01/2025;C026;P027;S001;4;0.05;Bank Transfer
T00115;13/06/2025;C008;P038;S001;3;0;Bank Transfer
T00116;14/02/2024;C092;P033;S003;4;0.05;Credit Card
T00117;8/06/2024;C136;P006;S004;5;0.05;Credit Card
T00118;1/07/2024;C045;P037;S001;5;0.15;Credit Card
T00119;16/09/2024;C128;P033;S005;2;0.05;Mobile Money
T00120;26/10/2024;C164;P024;S003;4;0.1;Cash
T00121;19/03/2025;C120;P018;S003;5;0.05;Cash
T00122;22/01/2025;C114;P030;S003;5;0.1;Mobile Money
T00123;30/03/2025;C177;P042;S003;4;0.1;Credit Card
T00124;4/01/2024;C099;P016;S004;1;0.05;Mobile Money
T00125;14/06/2024;C147;P003;S003;5;0.1;Bank Transfer
T00126;21/10/2023;C006;P001;S004;3;0;Cash
T00127;29/01/2025;C156;P022;S004;3;0.05;Bank Transfer
T00128;17/09/2024;C057;P029;S002;5;0.1;Credit Card
T00129;12/11/2024;C161;P010;S001;1;0.1;Mobile Money
T00130;29/06/2025;C009;P003;S005;3;0.05;Cash
T00131;10/01/2024;C076;P015;S003;4;0.05;Credit Card
T00132;20/05/2025;C034;P007;S005;3;0.1;Credit Card
T00133;14/04/2024;C066;P016;S004;3;0.1;Cash
T00134;26/05/2024;C120;P045;S001;2;0.05;Mobile Money
T00135;30/08/2024;C143;P025;S003;1;0.15;Cash
T00136;12/07/2024;C068;P037;S005;1;0.15;Bank Transfer
T00137;26/05/2024;C173;P024;S003;5;0.15;Bank Transfer
T00138;21/01/2024;C028;P028;S002;4;0;Bank Transfer
T00139;31/12/2023;C157;P027;S002;1;0.15;Bank Transfer
T00140;3/02/2025;C167;P030;S004;1;0.05;Cash
T00141;23/11/2023;C010;P024;S003;4;0;Cash
T00142;27/09/2024;C061;P049;S005;2;0.15;Mobile Money
T00143;9/08/2025;C095;P033;S005;4;0.05;Mobile Money
T00144;18/12/2023;C168;P044;S001;4;0.15;Bank Transfer
T00145;10/03/2025;C009;P009;S003;2;0.15;Mobile Money
T00146;12/05/2024;C061;P039;S003;1;0.1;Bank Transfer
T00147;17/09/2024;C016;P035;S004;3;0.05;Cash
T00148;9/04/2024;C117;P016;S001;2;0;Cash
T00149;16/10/2023;C086;P014;S002;2;0.05;Cash
T00150;30/08/2024;C196;P029;S005;2;0.05;Credit Card
T00151;4/09/2024;C085;P021;S002;5;0;Bank Transfer
T00152;21/10/2024;C038;P044;S002;5;0.1;Credit Card
T00153;20/04/2024;C029;P006;S001;2;0;Bank Transfer
T00154;2/07/2025;C061;P026;S005;3;0;Credit Card
T00155;25/07/2024;C068;P014;S001;2;0.15;Cash
T00156;19/11/2024;C191;P008;S001;4;0.15;Bank Transfer
T00157;29/09/2024;C132;P003;S005;1;0.15;Credit Card
T00158;22/08/2024;C158;P023;S001;5;0.1;Mobile Money
T00159;3/08/2025;C165;P042;S001;1;0.15;Mobile Money
T00160;6/10/2023;C110;P021;S001;4;0.15;Cash
T00161;17/05/2025;C021;P046;S003;5;0.05;Cash
T00162;3/05/2024;C033;P029;S003;5;0.1;Mobile Money
T00163;16/03/2025;C153;P033;S005;3;0.15;Mobile Money
T00164;28/07/2024;C026;P003;S001;5;0.05;Mobile Money
T00165;19/08/2025;C116;P005;S002;4;0.1;Mobile Money
T00166;28/01/2025;C103;P030;S004;1;0.1;Mobile Money
T00167;22/10/2023;C081;P038;S003;3;0.05;Mobile Money
T00168;11/03/2024;C018;P022;S001;1;0;Mobile Money
T00169;1/08/2024;C025;P018;S003;2;0;Bank Transfer
T00170;25/02/2024;C172;P044;S001;4;0.1;Mobile Money
T00171;23/12/2023;C185;P035;S001;3;0.1;Bank Transfer
T00172;18/01/2025;C027;P045;S005;5;0.05;Credit Card
T00173;2/09/2024;C169;P027;S004;2;0;Bank Transfer
T00174;22/05/2025;C143;P010;S003;1;0.1;Credit Card
T00175;27/11/2024;C110;P006;S005;5;0;Bank Transfer
T00176;13/08/2025;C008;P012;S002;3;0.1;Bank Transfer
T00177;17/08/2025;C090;P023;S001;2;0.05;Mobile Money
T00178;8/04/2024;C018;P016;S002;1;0;Credit Card
T00179;5/04/2024;C097;P020;S004;4;0.1;Credit Card
T00180;4/06/2024;C095;P009;S003;3;0;Cash
T00181;28/06/2024;C040;P030;S002;5;0;Cash
T00182;31/12/2023;C070;P029;S004;4;0.15;Mobile Money
T00183;21/05/2025;C107;P012;S003;2;0;Bank Transfer
T00184;23/08/2024;C111;P002;S001;3;0.15;Bank Transfer
T00185;2/07/2025;C012;P030;S002;4;0;Cash
T00186;21/06/2024;C053;P029;S003;2;0.05;Bank Transfer
T00187;26/09/2024;C075;P013;S003;1;0;Mobile Money
T00188;22/04/2024;C192;P016;S004;2;0.05;Mobile Money
T00189;26/03/2025;C137;P044;S002;5;0.1;Cash
T00190;30/05/2025;C102;P020;S001;4;0;Mobile Money
T00191;24/09/2023;C020;P007;S003;5;0.15;Mobile Money
T00192;27/10/2023;C182;P019;S004;3;0;Mobile Money
T00193;13/01/2025;C006;P027;S003;2;0.15;Bank Transfer
T00194;8/12/2023;C023;P010;S004;1;0.05;Mobile Money
T00195;7/06/2025;C151;P016;S004;5;0;Mobile Money
T00196;7/09/2024;C080;P011;S003;2;0.1;Credit Card
T00197;23/05/2024;C020;P025;S005;1;0.05;Bank Transfer
T00198;14/03/2025;C090;P025;S002;2;0;Credit Card
T00199;5/08/2025;C066;P025;S002;2;0.05;Cash
T00200;30/11/2023;C046;P044;S004;4;0.15;Bank Transfer
T00201;27/09/2023;C161;P042;S003;2;0.15;Cash
T00202;4/01/2024;C121;P027;S004;3;0.1;Cash
T00203;8/01/2024;C091;P017;S005;1;0.1;Mobile Money
T00204;24/07/2025;C116;P050;S001;1;0.1;Bank Transfer
T00205;19/04/2025;C020;P004;S001;5;0.15;Mobile Money
T00206;14/10/2023;C149;P043;S005;1;0.15;Credit Card
T00207;30/10/2023;C083;P035;S005;4;0.05;Cash
T00208;21/03/2025;C116;P004;S001;3;0;Credit Card
T00209;1/03/2025;C011;P028;S002;4;0.15;Credit Card
T00210;2/08/2024;C094;P021;S003;3;0.15;Mobile Money
T00211;8/04/2025;C199;P023;S003;5;0;Bank Transfer
T00212;16/06/2025;C017;P045;S003;1;0.15;Bank Transfer
T00213;28/11/2024;C065;P008;S005;2;0.1;Cash
T00214;10/10/2024;C150;P025;S002;3;0.1;Mobile Money
T00215;10/06/2025;C034;P034;S005;1;0.1;Mobile Money
T00216;22/08/2024;C165;P031;S003;2;0;Mobile Money
T00217;27/12/2024;C131;P048;S003;1;0.1;Bank Transfer
T00218;10/03/2024;C047;P048;S002;3;0.15;Credit Card
T00219;4/04/2025;C058;P035;S002;2;0;Bank Transfer
T00220;18/04/2024;C026;P021;S005;5;0;Bank Transfer
T00221;29/07/2025;C197;P002;S005;2;0.15;Credit Card
T00222;7/04/2025;C042;P045;S002;5;0.05;Mobile Money
T00223;13/08/2025;C012;P046;S004;3;0.05;Mobile Money
T00224;24/06/2025;C157;P017;S003;4;0.05;Credit Card
T00225;30/11/2023;C080;P020;S004;2;0.1;Mobile Money
T00226;18/05/2024;C119;P020;S003;4;0.15;Credit Card
T00227;25/08/2024;C052;P032;S005;2;0.1;Cash
T00228;13/06/2024;C165;P026;S004;3;0;Cash
T00229;12/07/2025;C073;P042;S001;2;0.1;Mobile Money
T00230;5/12/2024;C132;P022;S002;4;0;Credit Card
T00231;20/06/2025;C116;P046;S003;1;0.15;Cash
T00232;26/01/2025;C102;P038;S005;3;0.05;Mobile Money
T00233;11/08/2024;C021;P050;S003;2;0;Bank Transfer
T00234;18/04/2025;C026;P021;S003;2;0.05;Cash
T00235;10/08/2025;C074;P007;S004;2;0.15;Mobile Money
T00236;27/01/2024;C158;P050;S001;1;0;Bank Transfer
T00237;8/05/2024;C056;P039;S002;5;0.15;Cash
T00238;27/09/2023;C199;P023;S003;2;0.1;Cash
T00239;27/04/2024;C013;P014;S002;4;0.15;Cash
T00240;3/09/2024;C029;P018;S004;5;0;Credit Card
T00241;28/10/2024;C184;P034;S002;3;0.15;Cash
T00242;30/03/2025;C158;P015;S003;2;0.15;Credit Card
T00243;3/09/2025;C171;P044;S001;5;0.1;Cash
T00244;9/04/2024;C135;P002;S005;5;0;Mobile Money
T00245;14/09/2024;C121;P011;S001;4;0.1;Bank Transfer
T00246;3/06/2024;C192;P030;S001;3;0;Bank Transfer
T00247;7/12/2024;C062;P022;S001;5;0.1;Credit Card
T00248;17/11/2023;C012;P035;S003;5;0.1;Credit Card
T00249;2/02/2025;C200;P039;S004;4;0.05;Credit Card
T00250;8/07/2025;C017;P037;S004;1;0.1;Credit Card
T00251;3/08/2024;C012;P022;S002;1;0.1;Bank Transfer
T00252;20/03/2024;C132;P046;S004;5;0.15;Bank Transfer
T00253;20/02/2024;C010;P004;S002;3;0.1;Cash
T00254;16/03/2025;C168;P046;S003;3;0;Bank Transfer
T00255;11/11/2024;C112;P039;S004;4;0.15;Bank Transfer
T00256;29/09/2024;C048;P015;S004;4;0.1;Bank Transfer
T00257;18/10/2024;C022;P040;S004;1;0.15;Credit Card
T00258;27/03/2025;C140;P046;S003;3;0;Cash
T00259;10/05/2025;C084;P011;S003;3;0.15;Mobile Money
T00260;26/02/2025;C043;P024;S004;3;0.15;Cash
T00261;16/11/2023;C187;P030;S003;5;0.15;Bank Transfer
T00262;4/08/2024;C164;P039;S001;1;0.15;Bank Transfer
T00263;3/10/2024;C132;P035;S002;1;0.05;Mobile Money
T00264;19/02/2025;C009;P037;S002;1;0.05;Bank Transfer
T00265;1/05/2025;C093;P044;S004;5;0;Credit Card
T00266;23/05/2024;C174;P014;S004;3;0.1;Mobile Money
T00267;11/10/2023;C196;P009;S001;5;0.05;Bank Transfer
T00268;23/01/2025;C102;P016;S003;3;0.05;Cash
T00269;23/05/2024;C007;P046;S002;4;0.15;Cash
T00270;24/02/2024;C068;P023;S003;4;0.05;Bank Transfer
T00271;20/06/2025;C178;P040;S004;2;0;Credit Card
T00272;3/12/2024;C019;P002;S004;2;0.15;Cash
T00273;20/10/2023;C175;P014;S003;3;0;Bank Transfer
T00274;11/11/2023;C077;P002;S002;2;0.1;Credit Card
T00275;3/07/2025;C032;P043;S002;2;0.05;Mobile Money
T00276;13/10/2023;C007;P031;S003;5;0.1;Mobile Money
T00277;16/07/2024;C142;P035;S002;5;0;Cash
T00278;10/10/2024;C080;P036;S004;4;0.15;Mobile Money
T00279;13/07/2025;C148;P012;S001;2;0.1;Cash
T00280;5/02/2025;C116;P020;S004;5;0.1;Credit Card
T00281;14/10/2024;C200;P047;S005;5;0.05;Credit Card
T00282;9/03/2025;C111;P023;S005;1;0;Credit Card
T00283;12/07/2024;C078;P026;S002;2;0.1;Credit Card
T00284;7/06/2024;C089;P022;S005;3;0;Bank Transfer
T00285;1/07/2024;C051;P009;S005;3;0.05;Bank Transfer
T00286;11/10/2023;C158;P050;S005;1;0.05;Credit Card
T00287;11/07/2024;C044;P048;S005;5;0.1;Cash
T00288;16/04/2024;C008;P041;S001;1;0.1;Credit Card
T00289;25/05/2024;C197;P001;S005;4;0;Mobile Money
T00290;7/10/2024;C161;P001;S005;3;0.1;Mobile Money
T00291;12/06/2025;C063;P043;S004;3;0.15;Cash
T00292;2/07/2024;C177;P041;S001;2;0.15;Mobile Money
T00293;25/05/2025;C124;P005;S004;2;0.1;Credit Card
T00294;20/03/2025;C081;P015;S003;3;0.15;Credit Card
T00295;29/04/2025;C195;P020;S003;5;0;Bank Transfer
T00296;21/05/2025;C062;P004;S004;1;0.1;Mobile Money
T00297;4/10/2024;C064;P017;S002;1;0;Bank Transfer
T00298;21/08/2024;C099;P009;S005;4;0.05;Credit Card
T00299;21/11/2023;C084;P027;S005;3;0.05;Credit Card
T00300;15/11/2023;C128;P011;S005;4;0.15;Bank Transfer
T00301;7/12/2024;C128;P032;S001;1;0.15;Mobile Money
T00302;11/12/2024;C062;P014;S002;5;0.1;Cash
T00303;9/09/2025;C013;P017;S003;4;0.15;Bank Transfer
T00304;8/06/2024;C138;P014;S001;1;0.15;Credit Card
T00305;8/10/2024;C068;P029;S003;4;0.1;Cash
T00306;17/10/2024;C103;P001;S001;5;0.05;Bank Transfer
T00307;14/07/2025;C142;P012;S003;1;0.15;Mobile Money
T00308;23/11/2024;C196;P023;S005;3;0;Credit Card
T00309;7/04/2024;C025;P049;S004;3;0.1;Bank Transfer
T00310;28/11/2023;C194;P010;S002;2;0.15;Cash
T00311;1/07/2024;C012;P031;S001;2;0.1;Mobile Money
T00312;8/01/2025;C133;P024;S004;2;0.05;Bank Transfer
T00313;19/12/2024;C157;P038;S003;2;0.15;Bank Transfer
T00314;13/04/2025;C152;P028;S003;5;0.15;Bank Transfer
T00315;19/09/2023;C122;P026;S001;3;0.1;Cash
T00316;1/04/2025;C107;P003;S005;3;0;Mobile Money
T00317;27/02/2025;C068;P047;S005;5;0.05;Cash
T00318;24/05/2025;C150;P043;S004;2;0.15;Credit Card
T00319;5/02/2025;C175;P014;S002;1;0;Credit Card
T00320;6/10/2024;C005;P032;S004;3;0.15;Credit Card
T00321;8/11/2024;C106;P016;S002;4;0.15;Cash
T00322;3/12/2024;C181;P018;S002;5;0.05;Bank Transfer
T00323;25/04/2025;C170;P037;S004;5;0.15;Bank Transfer
T00324;20/04/2024;C045;P003;S004;5;0.1;Bank Transfer
T00325;29/12/2023;C174;P014;S003;5;0.15;Credit Card
T00326;2/10/2024;C064;P002;S003;5;0.1;Credit Card
T00327;27/06/2025;C077;P045;S003;2;0.15;Bank Transfer
T00328;22/05/2025;C123;P043;S003;5;0.1;Bank Transfer
T00329;13/12/2024;C032;P036;S005;5;0.15;Mobile Money
T00330;17/11/2023;C089;P034;S002;3;0;Bank Transfer
T00331;26/11/2024;C183;P046;S001;3;0.15;Bank Transfer
T00332;11/03/2024;C192;P002;S004;2;0.05;Bank Transfer
T00333;18/09/2024;C144;P026;S003;2;0;Credit Card
T00334;1/09/2025;C063;P026;S001;5;0.05;Credit Card
T00335;26/10/2024;C014;P041;S001;4;0.1;Mobile Money
T00336;12/12/2024;C026;P014;S002;1;0.05;Mobile Money
T00337;20/12/2024;C168;P043;S004;4;0.05;Bank Transfer
T00338;31/10/2024;C083;P010;S003;1;0;Credit Card
T00339;13/04/2024;C137;P039;S001;2;0.15;Credit Card
T00340;8/05/2024;C010;P010;S004;4;0.05;Bank Transfer
T00341;24/11/2023;C010;P050;S001;3;0;Bank Transfer
T00342;8/07/2025;C073;P037;S004;5;0.15;Credit Card
T00343;23/11/2024;C130;P022;S004;3;0.05;Cash
T00344;20/02/2025;C085;P045;S002;4;0.1;Credit Card
T00345;30/08/2025;C004;P033;S003;3;0.05;Credit Card
T00346;28/03/2025;C157;P014;S004;4;0.1;Cash
T00347;3/03/2025;C103;P030;S001;2;0.05;Mobile Money
T00348;10/03/2025;C083;P025;S002;1;0.1;Mobile Money
T00349;12/07/2025;C061;P025;S004;3;0.1;Bank Transfer
T00350;25/12/2024;C150;P015;S005;1;0.1;Bank Transfer
T00351;24/12/2024;C178;P047;S002;1;0;Mobile Money
T00352;4/01/2024;C079;P011;S002;4;0.1;Cash
T00353;14/03/2025;C164;P015;S003;3;0.05;Credit Card
T00354;24/12/2023;C035;P039;S004;2;0.15;Bank Transfer
T00355;16/09/2023;C107;P031;S005;4;0.05;Credit Card
T00356;29/08/2025;C175;P050;S005;1;0.15;Bank Transfer
T00357;20/08/2024;C020;P015;S005;1;0;Credit Card
T00358;28/10/2023;C147;P049;S005;2;0.05;Bank Transfer
T00359;22/03/2025;C134;P006;S004;1;0.05;Mobile Money
T00360;30/01/2024;C024;P008;S005;4;0;Mobile Money
T00361;18/08/2025;C034;P011;S005;4;0.15;Cash
T00362;17/06/2024;C144;P026;S004;3;0;Mobile Money
T00363;9/09/2024;C066;P018;S001;2;0;Cash
T00364;28/06/2024;C109;P024;S003;1;0;Cash
T00365;15/06/2024;C121;P045;S001;3;0.15;Credit Card
T00366;18/01/2025;C197;P034;S002;4;0.1;Mobile Money
T00367;8/02/2024;C115;P005;S004;4;0;Credit Card
T00368;26/10/2023;C168;P044;S003;1;0.05;Mobile Money
T00369;10/08/2025;C136;P019;S002;2;0;Cash
T00370;14/12/2024;C077;P010;S004;5;0.15;Mobile Money
T00371;4/04/2024;C059;P035;S002;4;0.1;Credit Card
T00372;29/08/2024;C071;P014;S002;1;0;Mobile Money
T00373;14/05/2025;C158;P026;S001;2;0.05;Cash
T00374;19/07/2025;C026;P013;S005;1;0.15;Cash
T00375;11/11/2023;C063;P025;S001;4;0.15;Credit Card
T00376;28/05/2025;C139;P039;S002;1;0.05;Bank Transfer
T00377;23/05/2024;C060;P030;S005;3;0.1;Credit Card
T00378;21/02/2025;C078;P034;S002;5;0.05;Mobile Money
T00379;13/02/2024;C077;P005;S003;1;0.05;Mobile Money
T00380;16/02/2025;C143;P010;S004;1;0.1;Mobile Money
T00381;18/10/2024;C135;P043;S003;4;0.15;Credit Card
T00382;27/07/2024;C077;P021;S004;2;0.15;Credit Card
T00383;26/02/2025;C058;P037;S003;2;0.15;Cash
T00384;29/04/2025;C144;P007;S004;4;0.05;Mobile Money
T00385;20/11/2024;C063;P007;S003;2;0.1;Cash
T00386;17/07/2024;C116;P043;S003;1;0.05;Cash
T00387;15/04/2024;C069;P011;S004;5;0;Cash
T00388;24/11/2023;C049;P024;S005;5;0.05;Mobile Money
T00389;19/10/2024;C054;P020;S003;3;0;Credit Card
T00390;10/06/2025;C049;P048;S001;4;0.05;Credit Card
T00391;10/10/2024;C102;P005;S002;5;0.1;Bank Transfer
T00392;9/10/2024;C098;P041;S004;5;0.1;Bank Transfer
T00393;23/12/2024;C067;P031;S003;5;0.15;Mobile Money
T00394;7/05/2024;C026;P001;S004;3;0.05;Bank Transfer
T00395;16/12/2024;C081;P025;S004;1;0.05;Credit Card
T00396;25/07/2024;C005;P049;S003;5;0.15;Bank Transfer
T00397;17/11/2023;C040;P029;S002;3;0.05;Mobile Money
T00398;14/10/2024;C146;P009;S002;4;0.1;Bank Transfer
T00399;4/10/2023;C196;P017;S004;4;0.15;Credit Card
T00400;24/01/2024;C188;P006;S003;2;0.05;Mobile Money
T00401;27/07/2024;C048;P047;S005;1;0;Cash
T00402;13/05/2025;C172;P021;S001;1;0.15;Credit Card
T00403;4/05/2024;C162;P029;S002;1;0.05;Cash
T00404;20/01/2025;C056;P048;S005;4;0.1;Cash
T00405;6/08/2024;C159;P022;S005;4;0.15;Cash
T00406;21/05/2025;C002;P031;S005;5;0.15;Cash
T00407;13/06/2025;C005;P034;S005;3;0.1;Cash
T00408;22/12/2024;C129;P015;S004;2;0;Cash
T00409;21/01/2025;C135;P037;S002;2;0.05;Bank Transfer
T00410;18/05/2024;C091;P048;S003;4;0;Bank Transfer
T00411;24/09/2024;C104;P002;S004;5;0.05;Credit Card
T00412;3/10/2023;C077;P005;S001;1;0;Mobile Money
T00413;20/01/2024;C098;P030;S004;5;0.15;Cash
T00414;19/09/2023;C164;P034;S001;2;0;Mobile Money
T00415;13/06/2025;C112;P029;S003;5;0;Cash
T00416;18/04/2025;C059;P036;S002;5;0.15;Bank Transfer
T00417;19/10/2023;C012;P004;S001;3;0;Credit Card
T00418;12/11/2024;C081;P033;S001;2;0.05;Mobile Money
T00419;30/01/2024;C020;P029;S003;2;0.05;Mobile Money
T00420;30/03/2024;C174;P029;S005;3;0.15;Credit Card
T00421;28/11/2023;C177;P019;S001;5;0.1;Cash
T00422;13/07/2025;C026;P046;S004;2;0;Bank Transfer
T00423;6/12/2023;C155;P001;S005;5;0.15;Bank Transfer
T00424;13/04/2024;C008;P014;S003;4;0.15;Credit Card
T00425;9/10/2024;C092;P004;S005;4;0.15;Credit Card
T00426;11/09/2023;C175;P024;S005;4;0;Bank Transfer
T00427;10/12/2024;C064;P030;S001;1;0.1;Credit Card
T00428;30/08/2025;C098;P033;S002;4;0.1;Bank Transfer
T00429;18/02/2024;C028;P010;S001;1;0.1;Mobile Money
T00430;3/03/2024;C093;P026;S003;1;0.05;Cash
T00431;10/01/2024;C048;P015;S004;4;0.15;Cash
T00432;18/12/2023;C007;P048;S001;3;0;Bank Transfer
T00433;12/02/2024;C099;P010;S001;3;0.15;Mobile Money
T00434;21/02/2025;C200;P030;S001;5;0.05;Credit Card
T00435;20/02/2025;C176;P028;S004;2;0.05;Bank Transfer
T00436;16/03/2024;C078;P011;S003;4;0.05;Cash
T00437;20/03/2024;C043;P025;S004;3;0.15;Bank Transfer
T00438;29/05/2025;C124;P027;S001;3;0.1;Credit Card
T00439;15/05/2024;C185;P046;S004;5;0.05;Mobile Money
T00440;26/09/2023;C028;P048;S002;3;0;Mobile Money
T00441;28/08/2025;C086;P012;S005;4;0.1;Mobile Money
T00442;17/08/2024;C086;P027;S004;5;0.05;Bank Transfer
T00443;6/04/2025;C083;P028;S005;2;0.15;Bank Transfer
T00444;1/04/2024;C046;P018;S004;3;0.1;Mobile Money
T00445;17/01/2025;C148;P002;S002;3;0.15;Bank Transfer
T00446;12/10/2024;C101;P016;S003;1;0.05;Credit Card
T00447;2/05/2025;C175;P015;S005;1;0.15;Credit Card
T00448;31/03/2024;C113;P044;S003;1;0.15;Mobile Money
T00449;2/01/2025;C036;P038;S003;2;0.1;Credit Card
T00450;29/05/2025;C184;P017;S004;4;0;Mobile Money
T00451;24/10/2024;C154;P041;S004;5;0.15;Mobile Money
T00452;31/03/2025;C140;P033;S001;3;0;Cash
T00453;1/01/2024;C197;P010;S002;3;0.05;Cash
T00454;1/07/2025;C145;P036;S004;3;0.15;Cash
T00455;15/07/2025;C003;P030;S001;3;0.05;Credit Card
T00456;17/01/2025;C115;P043;S003;4;0.15;Credit Card
T00457;27/04/2025;C089;P045;S001;4;0;Bank Transfer
T00458;4/07/2025;C107;P035;S001;1;0.05;Bank Transfer
T00459;7/11/2023;C080;P015;S003;4;0.05;Mobile Money
T00460;10/03/2025;C090;P028;S004;1;0.15;Mobile Money
T00461;15/01/2025;C082;P012;S001;3;0;Cash
T00462;6/12/2023;C006;P043;S003;1;0.05;Credit Card
T00463;9/11/2024;C133;P038;S002;5;0.05;Bank Transfer
T00464;4/06/2024;C144;P012;S004;4;0.05;Mobile Money
T00465;12/08/2024;C162;P049;S002;2;0.15;Mobile Money
T00466;3/10/2024;C008;P007;S005;2;0.15;Mobile Money
T00467;8/07/2024;C100;P011;S001;2;0.05;Bank Transfer
T00468;11/06/2024;C193;P028;S001;5;0;Credit Card
T00469;30/10/2024;C094;P030;S003;2;0.15;Cash
T00470;4/06/2025;C068;P048;S004;5;0.1;Mobile Money
T00471;4/11/2023;C157;P049;S004;5;0;Bank Transfer
T00472;9/12/2024;C091;P019;S004;5;0.05;Bank Transfer
T00473;26/09/2024;C158;P013;S005;1;0.05;Bank Transfer
T00474;6/01/2024;C031;P026;S002;3;0;Credit Card
T00475;13/03/2025;C096;P003;S002;5;0.15;Mobile Money
T00476;29/05/2024;C153;P016;S002;5;0.15;Mobile Money
T00477;27/03/2025;C048;P029;S004;5;0.05;Credit Card
T00478;23/06/2024;C126;P013;S003;2;0.05;Bank Transfer
T00479;9/11/2024;C116;P025;S005;1;0.1;Cash
T00480;8/12/2024;C125;P004;S002;2;0.15;Mobile Money
T00481;26/12/2024;C105;P032;S004;4;0.15;Mobile Money
T00482;5/07/2024;C043;P006;S001;5;0;Credit Card
T00483;16/09/2023;C075;P009;S001;3;0.05;Bank Transfer
T00484;30/08/2025;C044;P029;S004;5;0.15;Cash
T00485;13/08/2025;C147;P028;S001;3;0.1;Cash
T00486;28/10/2024;C195;P027;S004;5;0.05;Mobile Money
T00487;13/04/2024;C027;P013;S002;3;0;Mobile Money
T00488;23/04/2024;C068;P012;S003;1;0.15;Cash
T00489;19/03/2025;C199;P009;S002;2;0.1;Mobile Money
T00490;29/05/2025;C043;P043;S005;2;0.05;Credit Card
T00491;13/10/2024;C016;P028;S005;3;0.1;Credit Card
T00492;29/04/2025;C083;P004;S003;3;0.1;Cash
T00493;9/03/2025;C035;P048;S004;1;0.1;Credit Card
T00494;6/01/2024;C180;P034;S002;2;0.05;Bank Transfer
T00495;18/07/2024;C064;P019;S004;4;0.05;Bank Transfer
T00496;5/10/2024;C161;P043;S004;4;0.15;Cash
T00497;5/01/2025;C163;P042;S001;4;0.1;Bank Transfer
T00498;19/06/2024;C117;P029;S004;3;0;Cash
T00499;13/08/2025;C188;P030;S004;3;0;Mobile Money
T00500;25/04/2024;C056;P050;S004;2;0.15;Bank Transfer
T00501;4/12/2023;C083;P004;S003;3;0.05;Mobile Money
T00502;18/07/2025;C088;P035;S001;1;0;Mobile Money
T00503;26/11/2024;C005;P015;S001;2;0.15;Mobile Money
T00504;28/08/2025;C001;P029;S004;2;0.05;Bank Transfer
T00505;25/04/2025;C041;P045;S003;1;0.1;Bank Transfer
T00506;12/12/2023;C022;P033;S003;2;0;Mobile Money
T00507;31/01/2025;C161;P045;S003;2;0.15;Cash
T00508;28/08/2024;C181;P018;S001;1;0.05;Mobile Money
T00509;3/07/2025;C020;P029;S002;5;0.05;Mobile Money
T00510;28/12/2023;C003;P007;S001;3;0;Mobile Money
T00511;16/02/2024;C178;P011;S002;4;0;Credit Card
T00512;3/01/2024;C099;P019;S001;1;0;Bank Transfer
T00513;13/12/2024;C095;P043;S003;2;0.15;Credit Card
T00514;15/08/2025;C165;P004;S002;1;0;Credit Card
T00515;1/01/2025;C113;P002;S003;2;0.05;Mobile Money
T00516;2/12/2023;C158;P038;S004;2;0;Cash
T00517;2/06/2024;C036;P050;S001;5;0.15;Bank Transfer
T00518;13/07/2024;C110;P023;S003;2;0.05;Bank Transfer
T00519;25/08/2025;C166;P042;S001;2;0.1;Cash
T00520;24/08/2025;C169;P040;S003;2;0.05;Mobile Money
T00521;1/09/2024;C076;P028;S001;2;0.15;Mobile Money
T00522;23/12/2023;C029;P001;S002;4;0;Cash
T00523;12/08/2025;C093;P046;S003;2;0.15;Mobile Money
T00524;25/01/2024;C094;P049;S005;2;0.15;Cash
T00525;18/08/2024;C005;P016;S005;1;0;Bank Transfer
T00526;21/10/2024;C056;P010;S001;1;0.15;Bank Transfer
T00527;26/11/2024;C161;P047;S005;4;0.15;Mobile Money
T00528;28/05/2024;C022;P047;S005;5;0.05;Bank Transfer
T00529;30/04/2025;C022;P031;S003;1;0.05;Credit Card
T00530;14/05/2025;C138;P014;S003;4;0;Bank Transfer
T00531;14/10/2023;C179;P030;S004;2;0;Credit Card
T00532;23/04/2025;C023;P031;S004;1;0.15;Cash
T00533;22/11/2023;C080;P023;S002;1;0;Credit Card
T00534;30/06/2025;C180;P048;S001;2;0.15;Bank Transfer
T00535;13/03/2024;C134;P017;S005;3;0.05;Bank Transfer
T00536;16/09/2023;C033;P047;S003;1;0;Bank Transfer
T00537;18/11/2024;C110;P032;S003;5;0;Bank Transfer
T00538;24/05/2025;C183;P026;S005;1;0.15;Mobile Money
T00539;31/07/2025;C131;P009;S003;1;0.15;Credit Card
T00540;18/09/2024;C095;P021;S002;3;0;Cash
T00541;23/08/2024;C059;P024;S005;1;0;Cash
T00542;28/08/2025;C063;P004;S001;4;0.1;Mobile Money
T00543;8/03/2024;C039;P008;S002;1;0.15;Credit Card
T00544;29/10/2023;C083;P039;S002;4;0.1;Bank Transfer
T00545;9/01/2025;C020;P040;S005;3;0;Cash
T00546;15/06/2025;C046;P006;S002;5;0;Mobile Money
T00547;24/11/2023;C018;P042;S004;3;0.1;Bank Transfer
T00548;18/09/2023;C023;P047;S005;4;0;Bank Transfer
T00549;26/12/2023;C052;P031;S003;5;0.1;Credit Card
T00550;16/12/2024;C119;P047;S003;5;0.15;Credit Card
T00551;25/12/2023;C188;P050;S005;2;0.05;Cash
T00552;14/02/2025;C105;P009;S001;2;0.1;Cash
T00553;10/10/2024;C086;P031;S001;4;0.1;Cash
T00554;19/06/2024;C053;P029;S005;2;0.15;Mobile Money
T00555;18/02/2025;C016;P046;S002;3;0;Cash
T00556;3/02/2025;C060;P024;S005;4;0.1;Mobile Money
T00557;13/10/2024;C192;P045;S001;5;0;Credit Card
T00558;3/11/2024;C164;P045;S004;1;0;Mobile Money
T00559;25/01/2024;C170;P004;S002;2;0.1;Bank Transfer
T00560;23/07/2024;C081;P029;S004;3;0.1;Mobile Money
T00561;20/11/2024;C070;P050;S002;1;0.05;Credit Card
T00562;14/09/2023;C200;P036;S005;1;0.05;Cash
T00563;7/05/2024;C043;P039;S004;4;0.1;Mobile Money
T00564;7/04/2024;C031;P049;S005;3;0.05;Mobile Money
T00565;17/07/2025;C079;P036;S004;3;0;Cash
T00566;16/03/2024;C041;P006;S003;5;0;Credit Card
T00567;23/03/2024;C084;P031;S002;1;0.05;Bank Transfer
T00568;1/04/2025;C102;P045;S005;1;0.1;Bank Transfer
T00569;27/07/2024;C045;P037;S001;4;0.15;Credit Card
T00570;11/03/2024;C025;P011;S004;1;0.05;Cash
T00571;16/12/2023;C004;P003;S001;2;0.05;Credit Card
T00572;30/07/2025;C103;P050;S003;1;0.1;Cash
T00573;12/07/2025;C006;P012;S001;2;0.15;Credit Card
T00574;7/12/2023;C024;P014;S003;1;0;Mobile Money
T00575;29/03/2025;C013;P020;S002;5;0.15;Mobile Money
T00576;12/07/2024;C128;P049;S001;4;0.15;Credit Card
T00577;5/01/2025;C091;P037;S002;2;0.1;Bank Transfer
T00578;19/12/2024;C115;P028;S002;1;0.05;Bank Transfer
T00579;9/01/2024;C128;P018;S004;5;0.15;Cash
T00580;30/09/2023;C023;P046;S003;4;0.05;Mobile Money
T00581;1/01/2025;C052;P025;S005;2;0;Mobile Money
T00582;1/07/2025;C183;P047;S003;4;0.15;Bank Transfer
T00583;25/04/2025;C145;P047;S005;3;0.15;Bank Transfer
T00584;1/10/2024;C047;P050;S001;3;0.05;Cash
T00585;21/03/2024;C200;P027;S003;1;0.15;Bank Transfer
T00586;2/02/2024;C197;P039;S005;2;0.05;Cash
T00587;14/05/2024;C064;P017;S002;3;0;Credit Card
T00588;13/01/2024;C148;P019;S004;3;0.05;Credit Card
T00589;2/04/2025;C061;P025;S005;3;0.1;Cash
T00590;9/12/2024;C181;P047;S003;5;0.05;Credit Card
T00591;4/05/2024;C127;P011;S005;3;0.05;Mobile Money
T00592;3/02/2024;C010;P005;S001;1;0.05;Credit Card
T00593;31/03/2025;C006;P015;S005;4;0;Bank Transfer
T00594;16/07/2025;C158;P024;S002;2;0.1;Credit Card
T00595;12/09/2023;C083;P028;S001;1;0.05;Credit Card
T00596;6/12/2024;C199;P008;S001;5;0.1;Cash
T00597;20/08/2024;C096;P039;S004;5;0;Bank Transfer
T00598;27/12/2024;C078;P043;S003;2;0.05;Mobile Money
T00599;29/03/2024;C164;P040;S004;3;0.05;Bank Transfer
T00600;16/08/2025;C058;P050;S005;2;0.15;Bank Transfer
T00601;10/06/2025;C188;P016;S003;2;0.05;Cash
T00602;5/06/2024;C180;P020;S005;4;0;Credit Card
T00603;25/06/2024;C155;P009;S003;5;0.05;Cash
T00604;26/11/2023;C128;P032;S002;3;0;Credit Card
T00605;1/07/2024;C089;P003;S003;2;0;Bank Transfer
T00606;4/03/2024;C115;P036;S001;3;0.05;Credit Card
T00607;28/05/2025;C178;P015;S001;3;0.1;Cash
T00608;5/06/2024;C185;P003;S001;1;0.15;Mobile Money
T00609;25/09/2023;C188;P044;S004;2;0.15;Mobile Money
T00610;5/04/2024;C097;P026;S003;5;0.15;Cash
T00611;12/05/2025;C123;P010;S005;2;0.05;Mobile Money
T00612;26/04/2024;C019;P030;S001;3;0;Bank Transfer
T00613;31/08/2025;C067;P013;S001;1;0.1;Credit Card
T00614;29/07/2025;C097;P025;S002;1;0;Bank Transfer
T00615;28/02/2024;C153;P033;S005;4;0;Mobile Money
T00616;10/01/2025;C168;P023;S002;5;0.15;Credit Card
T00617;23/01/2024;C014;P007;S001;3;0.05;Credit Card
T00618;8/08/2025;C105;P036;S005;5;0.1;Bank Transfer
T00619;2/07/2024;C077;P017;S002;1;0;Mobile Money
T00620;21/08/2024;C147;P034;S005;4;0.05;Cash
T00621;27/08/2024;C093;P040;S001;4;0;Bank Transfer
T00622;6/03/2024;C170;P016;S005;4;0.05;Cash
T00623;12/03/2025;C007;P020;S002;2;0.1;Cash
T00624;21/09/2024;C122;P020;S001;3;0.15;Mobile Money
T00625;7/12/2023;C126;P038;S003;1;0.15;Credit Card
T00626;17/11/2023;C095;P020;S004;3;0.05;Mobile Money
T00627;24/06/2025;C012;P016;S003;4;0.15;Bank Transfer
T00628;7/10/2024;C058;P041;S003;5;0;Credit Card
T00629;22/01/2025;C193;P031;S001;1;0.1;Mobile Money
T00630;4/03/2024;C194;P018;S005;2;0;Mobile Money
T00631;12/11/2023;C134;P008;S004;5;0.15;Credit Card
T00632;30/08/2024;C122;P031;S003;1;0.15;Cash
T00633;16/07/2025;C129;P010;S005;5;0.05;Cash
T00634;24/12/2024;C194;P048;S004;2;0.05;Credit Card
T00635;18/01/2024;C050;P044;S002;1;0.15;Cash
T00636;17/12/2024;C175;P011;S004;2;0.05;Bank Transfer
T00637;10/09/2023;C082;P008;S001;1;0.15;Mobile Money
T00638;20/09/2024;C142;P008;S003;3;0.15;Cash
T00639;3/04/2024;C180;P018;S005;5;0.15;Cash
T00640;23/12/2023;C107;P039;S002;2;0;Cash
T00641;14/02/2024;C145;P038;S001;3;0.1;Mobile Money
T00642;1/04/2024;C068;P037;S004;4;0.15;Cash
T00643;12/02/2024;C045;P043;S003;4;0.05;Mobile Money
T00644;26/04/2024;C010;P014;S004;3;0.05;Cash
T00645;20/02/2024;C191;P041;S004;3;0.1;Cash
T00646;18/03/2025;C087;P037;S003;3;0.1;Mobile Money
T00647;4/12/2023;C179;P041;S001;2;0.05;Bank Transfer
T00648;18/01/2025;C191;P033;S004;3;0.1;Mobile Money
T00649;2/09/2025;C155;P043;S001;2;0.15;Credit Card
T00650;5/07/2025;C105;P016;S004;5;0.1;Cash
T00651;8/11/2023;C132;P045;S002;1;0.1;Mobile Money
T00652;25/04/2024;C035;P025;S005;5;0;Credit Card
T00653;16/06/2024;C050;P044;S002;1;0.05;Cash
T00654;23/03/2024;C117;P045;S001;3;0.05;Bank Transfer
T00655;9/01/2025;C095;P021;S004;5;0.15;Cash
T00656;27/11/2024;C175;P009;S001;2;0.1;Mobile Money
T00657;28/10/2024;C153;P015;S004;2;0.15;Bank Transfer
T00658;14/12/2024;C089;P046;S002;3;0;Bank Transfer
T00659;12/08/2024;C008;P036;S004;1;0.05;Credit Card
T00660;5/12/2023;C057;P023;S002;2;0.1;Mobile Money
T00661;4/10/2024;C132;P024;S001;1;0.15;Credit Card
T00662;6/06/2024;C166;P014;S002;5;0;Credit Card
T00663;21/02/2024;C065;P004;S005;3;0.1;Mobile Money
T00664;21/03/2025;C097;P032;S003;4;0.1;Credit Card
T00665;11/04/2025;C120;P003;S003;5;0.15;Cash
T00666;27/01/2024;C002;P018;S005;3;0.1;Bank Transfer
T00667;12/07/2025;C176;P021;S001;4;0;Bank Transfer
T00668;23/11/2023;C071;P048;S003;3;0.1;Bank Transfer
T00669;1/12/2023;C049;P032;S002;5;0.05;Cash
T00670;10/11/2024;C154;P001;S004;3;0.05;Cash
T00671;5/08/2024;C168;P010;S004;3;0.1;Mobile Money
T00672;9/01/2024;C104;P023;S004;1;0.05;Bank Transfer
T00673;16/03/2024;C186;P038;S002;5;0.15;Bank Transfer
T00674;16/04/2025;C130;P021;S003;2;0.05;Bank Transfer
T00675;14/11/2024;C025;P036;S004;2;0.1;Credit Card
T00676;11/06/2024;C175;P027;S003;1;0.05;Bank Transfer
T00677;17/11/2023;C058;P029;S003;4;0.1;Bank Transfer
T00678;12/10/2024;C067;P008;S005;3;0.15;Cash
T00679;18/02/2024;C121;P027;S001;5;0;Mobile Money
T00680;7/08/2025;C050;P039;S005;1;0.15;Bank Transfer
T00681;18/04/2024;C106;P020;S001;2;0.05;Credit Card
T00682;16/09/2023;C088;P013;S004;5;0.15;Credit Card
T00683;4/07/2025;C081;P030;S002;1;0.15;Bank Transfer
T00684;2/09/2024;C162;P008;S002;3;0;Cash
T00685;14/09/2024;C116;P050;S003;2;0.05;Credit Card
T00686;29/09/2023;C126;P014;S001;2;0.15;Mobile Money
T00687;29/07/2025;C104;P032;S004;4;0.15;Cash
T00688;17/06/2025;C010;P041;S005;2;0.1;Cash
T00689;18/01/2024;C083;P028;S005;2;0;Cash
T00690;15/05/2024;C161;P031;S002;2;0.1;Bank Transfer
T00691;6/12/2024;C034;P016;S001;4;0.1;Credit Card
T00692;19/06/2025;C017;P033;S001;3;0.1;Mobile Money
T00693;30/10/2023;C187;P024;S005;5;0.1;Mobile Money
T00694;24/06/2025;C176;P019;S002;3;0.15;Bank Transfer
T00695;30/06/2024;C193;P050;S002;2;0.15;Cash
T00696;28/09/2023;C059;P050;S002;2;0.05;Cash
T00697;12/03/2024;C151;P028;S005;2;0;Bank Transfer
T00698;30/09/2023;C183;P035;S001;4;0.1;Cash
T00699;19/02/2024;C153;P031;S001;1;0;Cash
T00700;9/03/2024;C177;P039;S001;4;0.15;Mobile Money
T00701;1/10/2023;C032;P001;S005;3;0.15;Credit Card
T00702;30/03/2024;C053;P039;S001;3;0.15;Cash
T00703;13/06/2025;C170;P025;S005;3;0.05;Mobile Money
T00704;8/10/2023;C027;P008;S005;5;0;Bank Transfer
T00705;23/05/2024;C030;P007;S001;4;0.05;Credit Card
T00706;19/04/2024;C200;P014;S003;5;0.05;Bank Transfer
T00707;14/02/2024;C181;P005;S004;3;0.05;Cash
T00708;25/11/2024;C141;P038;S004;2;0.15;Bank Transfer
T00709;10/04/2024;C061;P032;S001;1;0;Cash
T00710;3/06/2024;C147;P006;S004;2;0;Cash
T00711;5/06/2024;C186;P027;S001;3;0.05;Mobile Money
T00712;3/02/2024;C076;P001;S003;4;0;Cash
T00713;26/06/2024;C045;P008;S001;3;0.1;Bank Transfer
T00714;20/12/2023;C110;P021;S001;1;0;Cash
T00715;1/10/2023;C036;P029;S002;3;0.1;Mobile Money
T00716;21/08/2025;C160;P044;S003;1;0.1;Bank Transfer
T00717;8/05/2024;C047;P049;S001;4;0.15;Mobile Money
T00718;25/07/2025;C070;P050;S004;4;0.15;Credit Card
T00719;24/07/2025;C029;P038;S002;1;0.05;Cash
T00720;13/04/2025;C107;P017;S005;4;0.15;Credit Card
T00721;24/06/2024;C157;P001;S004;3;0;Credit Card
T00722;12/05/2025;C124;P018;S004;1;0.15;Mobile Money
T00723;26/07/2024;C012;P015;S001;3;0.1;Cash
T00724;14/06/2025;C181;P015;S005;5;0.05;Bank Transfer
T00725;20/03/2024;C133;P034;S005;5;0;Mobile Money
T00726;26/05/2024;C170;P037;S002;4;0.1;Mobile Money
T00727;13/11/2023;C039;P035;S005;5;0;Cash
T00728;30/06/2024;C165;P014;S002;5;0.15;Mobile Money
T00729;20/04/2025;C043;P019;S001;4;0.1;Credit Card
T00730;1/10/2024;C085;P026;S003;1;0.05;Mobile Money
T00731;5/04/2025;C104;P019;S002;1;0.15;Mobile Money
T00732;30/07/2025;C147;P004;S004;1;0.15;Mobile Money
T00733;1/09/2024;C081;P002;S001;4;0;Cash
T00734;19/11/2023;C104;P040;S004;1;0;Cash
T00735;2/03/2025;C155;P005;S005;3;0.05;Mobile Money
T00736;16/08/2025;C088;P047;S003;1;0.05;Mobile Money
T00737;8/01/2024;C085;P016;S005;5;0.15;Bank Transfer
T00738;13/08/2024;C184;P040;S004;1;0;Credit Card
T00739;28/11/2024;C001;P005;S003;3;0.1;Bank Transfer
T00740;8/10/2023;C180;P037;S001;1;0.05;Mobile Money
T00741;12/10/2023;C036;P049;S004;1;0.1;Credit Card
T00742;9/05/2024;C049;P017;S001;4;0.05;Mobile Money
T00743;19/03/2024;C049;P004;S003;1;0.15;Cash
T00744;12/06/2024;C163;P042;S005;1;0.15;Mobile Money
T00745;9/04/2024;C169;P023;S005;5;0.05;Mobile Money
T00746;1/03/2025;C002;P037;S005;1;0.15;Mobile Money
T00747;28/09/2023;C131;P008;S002;5;0.05;Credit Card
T00748;12/11/2024;C027;P022;S004;5;0.1;Mobile Money
T00749;7/12/2023;C108;P010;S005;2;0.1;Mobile Money
T00750;30/12/2024;C088;P004;S003;4;0.05;Credit Card
T00751;6/05/2025;C106;P009;S005;5;0.1;Bank Transfer
T00752;21/07/2025;C183;P005;S005;2;0.05;Credit Card
T00753;2/02/2024;C160;P020;S003;3;0.05;Credit Card
T00754;5/10/2023;C129;P013;S005;3;0;Bank Transfer
T00755;5/11/2024;C144;P025;S004;5;0.15;Bank Transfer
T00756;9/06/2025;C109;P040;S001;5;0;Cash
T00757;18/09/2023;C098;P042;S002;1;0;Credit Card
T00758;29/12/2024;C069;P004;S002;3;0.1;Credit Card
T00759;19/09/2023;C016;P006;S003;2;0;Bank Transfer
T00760;30/04/2025;C116;P016;S001;5;0.05;Mobile Money
T00761;24/04/2025;C061;P008;S005;3;0;Mobile Money
T00762;29/10/2023;C100;P018;S004;3;0;Cash
T00763;23/09/2023;C191;P022;S003;2;0.15;Credit Card
T00764;24/08/2025;C163;P029;S003;5;0.05;Credit Card
T00765;3/04/2025;C076;P046;S004;2;0;Credit Card
T00766;20/06/2025;C045;P039;S005;1;0.15;Cash
T00767;31/03/2025;C110;P021;S003;5;0.1;Credit Card
T00768;13/12/2024;C042;P039;S005;3;0;Bank Transfer
T00769;20/07/2025;C120;P007;S002;1;0.05;Bank Transfer
T00770;13/12/2023;C153;P050;S001;5;0.1;Mobile Money
T00771;1/07/2024;C147;P046;S005;3;0;Bank Transfer
T00772;7/09/2025;C135;P040;S002;2;0;Credit Card
T00773;28/10/2023;C107;P028;S005;5;0.15;Cash
T00774;16/02/2024;C090;P013;S002;2;0.1;Bank Transfer
T00775;19/10/2024;C093;P008;S003;2;0.15;Cash
T00776;3/03/2025;C030;P022;S003;4;0.05;Credit Card
T00777;10/12/2024;C011;P021;S003;4;0;Mobile Money
T00778;27/11/2024;C066;P015;S005;3;0;Bank Transfer
T00779;20/08/2024;C132;P010;S005;4;0.15;Cash
T00780;11/12/2024;C076;P022;S002;3;0;Cash
T00781;2/08/2025;C043;P017;S005;5;0;Cash
T00782;23/02/2025;C054;P044;S002;4;0;Credit Card
T00783;9/07/2024;C138;P026;S004;1;0.05;Cash
T00784;27/06/2025;C118;P038;S003;1;0;Cash
T00785;19/05/2024;C014;P008;S002;3;0;Credit Card
T00786;31/05/2024;C067;P049;S004;4;0.15;Mobile Money
T00787;8/07/2025;C111;P007;S003;1;0.15;Cash
T00788;30/01/2024;C137;P022;S001;5;0;Cash
T00789;3/12/2023;C180;P030;S001;3;0;Bank Transfer
T00790;28/03/2025;C176;P008;S003;5;0;Bank Transfer
T00791;23/03/2025;C196;P050;S004;4;0.15;Cash
T00792;6/12/2024;C122;P049;S002;5;0.05;Credit Card
T00793;5/12/2024;C192;P027;S004;5;0.1;Credit Card
T00794;2/09/2024;C077;P015;S003;1;0.05;Cash
T00795;26/03/2024;C011;P049;S001;5;0.15;Cash
T00796;3/10/2023;C079;P014;S002;3;0.05;Mobile Money
T00797;20/09/2023;C166;P037;S005;2;0.05;Credit Card
T00798;30/07/2025;C057;P005;S005;3;0.05;Cash
T00799;4/02/2025;C047;P002;S005;1;0.15;Cash
T00800;23/04/2024;C075;P013;S001;3;0;Credit Card
T00801;5/02/2024;C186;P029;S005;4;0.1;Bank Transfer
T00802;6/05/2025;C033;P017;S002;1;0.1;Cash
T00803;28/09/2023;C050;P027;S003;4;0.15;Bank Transfer
T00804;29/06/2025;C158;P027;S003;5;0.05;Bank Transfer
T00805;6/10/2023;C081;P048;S004;2;0;Bank Transfer
T00806;27/06/2025;C064;P041;S002;4;0.1;Bank Transfer
T00807;4/11/2024;C035;P050;S003;4;0.15;Mobile Money
T00808;18/03/2024;C092;P006;S003;4;0;Credit Card
T00809;11/06/2025;C166;P041;S005;1;0.1;Credit Card
T00810;2/04/2025;C138;P008;S002;3;0;Cash
T00811;6/10/2024;C005;P032;S005;1;0.15;Credit Card
T00812;1/05/2024;C010;P020;S005;3;0.15;Credit Card
T00813;29/12/2023;C094;P035;S004;2;0.1;Credit Card
T00814;13/02/2024;C119;P040;S005;5;0;Mobile Money
T00815;16/01/2025;C094;P004;S005;1;0.05;Credit Card
T00816;13/08/2024;C194;P016;S005;2;0.15;Credit Card
T00817;12/05/2025;C046;P005;S005;5;0.05;Mobile Money
T00818;8/11/2024;C092;P001;S001;2;0.15;Credit Card
T00819;24/08/2025;C017;P025;S003;3;0.05;Cash
T00820;1/03/2025;C172;P046;S002;5;0.1;Mobile Money
T00821;7/07/2024;C121;P006;S004;1;0;Bank Transfer
T00822;4/01/2025;C027;P015;S005;3;0.1;Credit Card
T00823;23/03/2025;C097;P006;S004;3;0;Bank Transfer
T00824;1/06/2025;C097;P001;S002;5;0.15;Bank Transfer
T00825;24/02/2024;C089;P011;S004;4;0;Credit Card
T00826;15/11/2023;C113;P038;S002;2;0;Bank Transfer
T00827;25/02/2025;C055;P026;S002;2;0.05;Bank Transfer
T00828;3/09/2024;C155;P019;S001;2;0.15;Bank Transfer
T00829;11/12/2023;C185;P021;S001;4;0.15;Mobile Money
T00830;19/03/2024;C054;P008;S005;2;0.15;Cash
T00831;7/11/2023;C063;P005;S001;2;0.05;Credit Card
T00832;26/04/2025;C162;P049;S005;1;0.05;Cash
T00833;16/10/2024;C043;P038;S003;2;0.15;Cash
T00834;6/07/2025;C185;P010;S003;1;0.05;Mobile Money
T00835;9/01/2025;C156;P044;S004;4;0.05;Credit Card
T00836;22/07/2025;C106;P044;S005;2;0.05;Bank Transfer
T00837;30/08/2024;C043;P025;S003;4;0;Credit Card
T00838;5/08/2024;C097;P025;S004;2;0;Cash
T00839;11/09/2024;C052;P011;S005;5;0.15;Credit Card
T00840;24/07/2024;C156;P025;S001;2;0.15;Cash
T00841;25/10/2024;C137;P038;S005;1;0;Mobile Money
T00842;16/08/2025;C169;P010;S002;5;0;Mobile Money
T00843;6/08/2025;C134;P023;S004;3;0;Mobile Money
T00844;4/10/2023;C059;P005;S004;4;0.1;Cash
T00845;17/08/2024;C109;P033;S002;3;0.15;Credit Card
T00846;11/08/2024;C022;P036;S003;5;0.15;Bank Transfer
T00847;16/09/2024;C049;P022;S001;1;0;Cash
T00848;1/05/2024;C097;P002;S002;3;0.15;Bank Transfer
T00849;30/05/2025;C028;P005;S002;4;0.1;Bank Transfer
T00850;3/08/2025;C138;P045;S004;5;0.1;Bank Transfer
T00851;16/07/2024;C175;P040;S004;2;0.15;Mobile Money
T00852;1/04/2024;C046;P048;S003;5;0.15;Bank Transfer
T00853;5/11/2024;C079;P003;S005;3;0.15;Credit Card
T00854;30/08/2024;C169;P009;S001;2;0.15;Credit Card
T00855;14/11/2023;C026;P012;S002;5;0.15;Bank Transfer
T00856;3/07/2024;C141;P039;S005;1;0.05;Mobile Money
T00857;3/01/2025;C163;P022;S001;1;0.05;Mobile Money
T00858;16/04/2025;C154;P031;S004;1;0;Bank Transfer
T00859;6/03/2024;C057;P004;S003;1;0;Mobile Money
T00860;23/08/2024;C103;P013;S005;5;0.1;Cash
T00861;24/07/2025;C199;P043;S002;4;0.15;Cash
T00862;28/10/2024;C052;P003;S005;3;0.05;Cash
T00863;29/03/2025;C154;P045;S005;5;0.05;Credit Card
T00864;12/02/2024;C173;P005;S001;3;0.05;Cash
T00865;19/11/2023;C041;P037;S001;3;0.15;Bank Transfer
T00866;11/04/2025;C172;P002;S004;4;0.05;Cash
T00867;1/06/2024;C189;P043;S001;1;0.1;Bank Transfer
T00868;9/09/2024;C089;P025;S003;2;0.05;Mobile Money
T00869;8/12/2024;C104;P011;S005;1;0.1;Credit Card
T00870;7/10/2023;C105;P012;S005;1;0;Bank Transfer
T00871;21/11/2024;C088;P038;S001;5;0.1;Bank Transfer
T00872;20/07/2025;C178;P041;S004;4;0.15;Credit Card
T00873;28/09/2024;C194;P047;S003;4;0.15;Cash
T00874;5/10/2024;C124;P040;S001;3;0;Mobile Money
T00875;30/11/2024;C163;P022;S002;2;0.1;Mobile Money
T00876;23/05/2024;C091;P048;S005;5;0;Bank Transfer
T00877;16/11/2023;C064;P014;S003;1;0.15;Bank Transfer
T00878;27/12/2023;C020;P018;S005;2;0.15;Bank Transfer
T00879;5/09/2024;C091;P049;S002;5;0.1;Credit Card
T00880;18/01/2024;C192;P043;S002;4;0.05;Credit Card
T00881;16/08/2024;C189;P030;S002;3;0.05;Credit Card
T00882;8/12/2024;C052;P038;S002;5;0.1;Credit Card
T00883;29/04/2025;C200;P013;S001;1;0;Mobile Money
T00884;3/05/2025;C158;P044;S001;5;0;Mobile Money
T00885;27/09/2024;C096;P001;S005;3;0.15;Bank Transfer
T00886;25/11/2024;C126;P019;S002;5;0.1;Mobile Money
T00887;17/06/2025;C057;P006;S005;2;0;Mobile Money
T00888;24/06/2024;C123;P027;S005;1;0.1;Mobile Money
T00889;5/08/2025;C176;P025;S002;4;0;Mobile Money
T00890;21/01/2025;C081;P021;S001;1;0.05;Mobile Money
T00891;17/02/2025;C149;P017;S001;3;0.1;Bank Transfer
T00892;11/07/2025;C048;P023;S005;3;0.05;Bank Transfer
T00893;1/11/2023;C121;P023;S005;3;0.1;Credit Card
T00894;17/07/2024;C128;P049;S004;2;0.15;Bank Transfer
T00895;11/11/2024;C094;P039;S004;3;0.15;Credit Card
T00896;13/06/2025;C147;P015;S002;5;0.05;Cash
T00897;17/02/2024;C185;P020;S003;2;0.15;Mobile Money
T00898;10/01/2025;C051;P035;S002;2;0.15;Cash
T00899;28/07/2024;C046;P031;S004;4;0.05;Bank Transfer
T00900;13/08/2024;C125;P042;S003;3;0;Mobile Money
T00901;30/11/2024;C026;P018;S002;1;0.05;Bank Transfer
T00902;20/02/2024;C122;P005;S001;4;0.1;Bank Transfer
T00903;3/08/2024;C093;P027;S003;5;0.1;Bank Transfer
T00904;10/08/2024;C006;P018;S004;1;0.1;Credit Card
T00905;28/04/2025;C148;P001;S005;5;0.05;Bank Transfer
T00906;13/07/2025;C091;P032;S003;5;0.15;Mobile Money
T00907;26/01/2025;C021;P045;S004;5;0.1;Mobile Money
T00908;8/11/2023;C162;P038;S002;2;0.1;Mobile Money
T00909;31/07/2024;C162;P024;S005;5;0.15;Cash
T00910;10/03/2024;C021;P007;S002;3;0.05;Bank Transfer
T00911;3/08/2024;C082;P018;S003;3;0.15;Bank Transfer
T00912;10/03/2024;C114;P013;S003;5;0.15;Mobile Money
T00913;17/03/2025;C043;P001;S002;1;0.05;Credit Card
T00914;10/03/2025;C170;P008;S003;1;0.05;Credit Card
T00915;28/02/2024;C102;P013;S001;1;0;Mobile Money
T00916;30/06/2025;C141;P041;S001;1;0.15;Cash
T00917;3/03/2024;C027;P043;S003;5;0.05;Cash
T00918;1/03/2025;C168;P024;S004;3;0.05;Credit Card
T00919;10/12/2024;C189;P026;S003;4;0.05;Credit Card
T00920;10/03/2025;C135;P039;S002;1;0;Bank Transfer
T00921;1/04/2025;C084;P035;S004;4;0.1;Mobile Money
T00922;23/02/2025;C035;P024;S005;2;0.15;Mobile Money
T00923;4/11/2024;C135;P013;S005;3;0.1;Mobile Money
T00924;13/12/2024;C139;P011;S002;1;0.15;Bank Transfer
T00925;22/01/2025;C094;P027;S004;3;0.05;Bank Transfer
T00926;10/11/2024;C003;P001;S001;5;0.05;Bank Transfer
T00927;16/02/2025;C074;P016;S004;5;0;Mobile Money
T00928;5/10/2023;C194;P026;S004;3;0;Mobile Money
T00929;20/07/2024;C075;P001;S005;2;0;Bank Transfer
T00930;3/08/2025;C049;P005;S004;5;0.15;Mobile Money
T00931;9/04/2025;C064;P026;S002;4;0.15;Credit Card
T00932;25/08/2025;C068;P003;S001;4;0.05;Bank Transfer
T00933;18/12/2023;C073;P015;S005;3;0.15;Credit Card
T00934;3/02/2025;C018;P042;S002;2;0.1;Cash
T00935;11/05/2024;C164;P048;S004;5;0.15;Bank Transfer
T00936;21/09/2024;C180;P026;S005;4;0.05;Bank Transfer
T00937;11/02/2024;C005;P037;S002;1;0;Credit Card
T00938;12/05/2024;C027;P022;S003;3;0.05;Mobile Money
T00939;17/04/2025;C187;P033;S001;2;0;Credit Card
T00940;18/07/2024;C004;P016;S004;2;0.1;Mobile Money
T00941;24/01/2024;C080;P032;S004;3;0.15;Cash
T00942;2/05/2025;C085;P014;S001;2;0;Bank Transfer
T00943;20/06/2025;C199;P045;S004;1;0.15;Credit Card
T00944;21/11/2024;C050;P019;S003;4;0;Cash
T00945;6/08/2025;C197;P010;S002;4;0.15;Credit Card
T00946;20/07/2025;C189;P015;S001;2;0.15;Cash
T00947;28/12/2024;C134;P036;S002;4;0.15;Bank Transfer
T00948;17/09/2024;C083;P011;S002;1;0;Bank Transfer
T00949;24/11/2023;C124;P023;S003;2;0.1;Cash
T00950;15/12/2023;C171;P040;S002;1;0.05;Mobile Money
T00951;18/07/2025;C084;P025;S001;2;0.1;Cash
T00952;30/07/2024;C102;P039;S002;1;0;Mobile Money
T00953;31/08/2024;C177;P014;S005;2;0.1;Cash
T00954;11/08/2024;C064;P007;S002;4;0;Bank Transfer
T00955;8/05/2024;C195;P038;S001;1;0.1;Credit Card
T00956;25/11/2024;C180;P042;S005;1;0.05;Mobile Money
T00957;26/08/2024;C060;P017;S003;5;0.1;Mobile Money
T00958;11/10/2023;C188;P019;S002;1;0.15;Bank Transfer
T00959;17/04/2024;C186;P033;S002;3;0;Mobile Money
T00960;18/07/2025;C181;P020;S004;5;0.1;Mobile Money
T00961;30/05/2025;C049;P015;S005;2;0.1;Bank Transfer
T00962;14/06/2025;C188;P031;S004;3;0.05;Cash
T00963;20/09/2023;C136;P047;S002;4;0.1;Bank Transfer
T00964;31/07/2024;C139;P046;S003;4;0;Mobile Money
T00965;23/03/2025;C188;P030;S002;1;0.1;Credit Card
T00966;2/02/2024;C083;P003;S001;5;0.15;Credit Card
T00967;7/09/2024;C135;P022;S004;5;0.05;Bank Transfer
T00968;20/01/2025;C083;P031;S004;3;0;Cash
T00969;5/01/2024;C134;P011;S001;1;0.05;Credit Card
T00970;3/11/2024;C009;P042;S002;1;0.15;Credit Card
T00971;18/07/2025;C026;P016;S001;5;0.15;Mobile Money
T00972;17/03/2025;C135;P037;S005;5;0.1;Cash
T00973;31/05/2025;C094;P044;S002;5;0;Cash
T00974;26/03/2024;C054;P045;S004;1;0.15;Cash
T00975;21/03/2024;C093;P045;S005;4;0.1;Cash
T00976;13/04/2025;C158;P045;S003;5;0;Cash
T00977;9/08/2024;C078;P045;S001;2;0;Cash
T00978;2/01/2025;C186;P033;S002;5;0.15;Credit Card
T00979;31/10/2023;C050;P014;S005;2;0.05;Mobile Money
T00980;12/12/2024;C192;P001;S001;5;0.1;Mobile Money
T00981;29/06/2024;C180;P031;S004;1;0.05;Credit Card
T00982;29/07/2025;C141;P002;S004;5;0.1;Credit Card
T00983;23/07/2025;C137;P019;S005;4;0.1;Bank Transfer
T00984;18/10/2024;C141;P029;S003;3;0.15;Mobile Money
T00985;4/07/2024;C186;P026;S003;5;0.05;Credit Card
T00986;21/08/2024;C097;P024;S005;3;0.1;Mobile Money
T00987;29/08/2024;C115;P030;S004;1;0;Bank Transfer
T00988;24/09/2024;C153;P030;S001;5;0.05;Bank Transfer
T00989;5/11/2023;C002;P007;S003;2;0.05;Bank Transfer
T00990;26/05/2025;C006;P020;S003;5;0.05;Cash
T00991;2/07/2024;C010;P046;S004;3;0.05;Credit Card
T00992;13/12/2023;C068;P011;S003;5;0.05;Credit Card
T00993;26/01/2024;C066;P029;S003;1;0.15;Credit Card
T00994;5/09/2024;C188;P016;S001;3;0.15;Credit Card
T00995;4/09/2024;C125;P021;S005;1;0.1;Cash
T00996;29/08/2024;C188;P032;S005;4;0;Cash
T00997;24/05/2024;C198;P050;S003;3;0.15;Mobile Money
T00998;31/10/2024;C031;P014;S002;5;0;Mobile Money
T00999;12/01/2024;C014;P024;S003;5;0;Bank Transfer
T01000;12/08/2025;C139;P037;S005;2;0.1;Credit Card
T01001;28/12/2024;C040;P047;S001;4;0.15;Cash
T01002;28/11/2024;C057;P015;S004;3;0.15;Credit Card
T01003;23/02/2024;C034;P030;S003;1;0.15;Cash
T01004;8/12/2024;C141;P019;S004;3;0;Mobile Money
T01005;30/05/2024;C129;P014;S004;2;0.05;Mobile Money
T01006;11/12/2024;C144;P002;S002;4;0.15;Credit Card
T01007;19/03/2024;C144;P018;S005;5;0.05;Credit Card
T01008;10/06/2025;C019;P014;S003;4;0.1;Cash
T01009;1/11/2023;C029;P047;S004;4;0.1;Bank Transfer
T01010;9/05/2024;C049;P036;S003;3;0;Bank Transfer
T01011;21/04/2024;C044;P001;S003;5;0.15;Credit Card
T01012;21/02/2024;C113;P028;S001;2;0.05;Bank Transfer
T01013;19/02/2024;C040;P020;S001;1;0;Credit Card
T01014;13/05/2025;C159;P008;S002;3;0;Bank Transfer
T01015;20/06/2025;C178;P005;S001;3;0.15;Mobile Money
T01016;7/07/2024;C006;P026;S003;2;0.05;Credit Card
T01017;13/11/2023;C140;P046;S005;3;0.15;Credit Card
T01018;8/06/2024;C178;P032;S001;4;0;Bank Transfer
T01019;27/06/2024;C044;P039;S001;3;0.05;Bank Transfer
T01020;21/08/2025;C014;P010;S004;1;0;Mobile Money
T01021;11/02/2024;C170;P006;S003;3;0;Cash
T01022;8/03/2024;C075;P026;S004;2;0.15;Cash
T01023;10/07/2024;C081;P001;S004;5;0;Credit Card
T01024;4/12/2024;C051;P039;S005;4;0;Cash
T01025;27/12/2023;C064;P023;S005;3;0.1;Mobile Money
T01026;26/09/2023;C101;P044;S002;1;0.1;Bank Transfer
T01027;31/10/2024;C091;P040;S003;2;0.1;Cash
T01028;10/03/2025;C161;P002;S003;4;0;Bank Transfer
T01029;20/02/2024;C058;P031;S002;3;0.15;Credit Card
T01030;10/12/2023;C023;P001;S004;5;0.05;Mobile Money
T01031;27/03/2024;C062;P037;S005;2;0.15;Bank Transfer
T01032;10/06/2024;C155;P019;S003;4;0.05;Credit Card
T01033;14/01/2025;C168;P027;S002;5;0.05;Credit Card
T01034;12/10/2023;C080;P010;S005;2;0.15;Credit Card
T01035;6/02/2025;C168;P023;S005;2;0.1;Cash
T01036;4/08/2024;C143;P002;S005;1;0.05;Bank Transfer
T01037;23/10/2024;C038;P050;S001;3;0.15;Mobile Money
T01038;8/01/2024;C078;P019;S004;3;0.05;Credit Card
T01039;13/06/2025;C028;P030;S002;2;0;Bank Transfer
T01040;26/03/2024;C156;P044;S005;5;0.05;Credit Card
T01041;22/05/2025;C060;P002;S001;3;0;Mobile Money
T01042;19/10/2024;C035;P001;S005;5;0.15;Bank Transfer
T01043;1/05/2024;C048;P001;S004;4;0.15;Credit Card
T01044;12/07/2024;C042;P028;S002;2;0;Mobile Money
T01045;4/11/2024;C196;P049;S001;3;0.15;Credit Card
T01046;3/03/2025;C191;P019;S002;2;0;Credit Card
T01047;15/09/2023;C113;P036;S005;4;0.1;Mobile Money
T01048;17/01/2024;C064;P024;S004;4;0;Mobile Money
T01049;22/12/2023;C185;P020;S003;4;0;Cash
T01050;11/06/2024;C116;P048;S004;1;0.05;Mobile Money
T01051;26/08/2024;C189;P016;S001;5;0.15;Cash
T01052;17/12/2024;C049;P032;S003;4;0.15;Bank Transfer
T01053;5/06/2024;C199;P049;S003;4;0.05;Mobile Money
T01054;22/02/2025;C076;P012;S005;1;0.05;Mobile Money
T01055;28/11/2023;C166;P013;S004;1;0;Credit Card
T01056;15/12/2023;C200;P014;S005;5;0.05;Mobile Money
T01057;25/12/2023;C106;P002;S003;4;0;Credit Card
T01058;12/03/2024;C117;P042;S005;2;0.15;Cash
T01059;22/07/2025;C065;P015;S003;2;0;Cash
T01060;8/01/2025;C030;P034;S004;3;0;Mobile Money
T01061;28/09/2024;C187;P038;S005;5;0.05;Mobile Money
T01062;6/04/2024;C141;P033;S004;1;0.05;Bank Transfer
T01063;31/05/2024;C145;P045;S002;2;0.05;Credit Card
T01064;26/11/2023;C197;P040;S001;4;0.1;Bank Transfer
T01065;18/06/2024;C187;P048;S004;3;0.05;Cash
T01066;8/03/2025;C034;P037;S002;1;0.1;Cash
T01067;3/01/2025;C118;P013;S004;4;0;Mobile Money
T01068;29/10/2024;C061;P049;S002;5;0.15;Mobile Money
T01069;27/11/2024;C105;P022;S004;1;0;Credit Card
T01070;5/07/2024;C141;P003;S003;5;0.05;Cash
T01071;6/03/2025;C048;P039;S002;1;0.1;Cash
T01072;26/02/2024;C038;P013;S001;5;0.1;Bank Transfer
T01073;20/02/2025;C023;P041;S001;1;0.15;Credit Card
T01074;7/07/2024;C042;P045;S003;5;0.05;Mobile Money
T01075;28/01/2025;C192;P006;S005;3;0;Cash
T01076;28/06/2025;C197;P028;S003;3;0.1;Mobile Money
T01077;23/05/2025;C018;P017;S004;5;0;Bank Transfer
T01078;24/12/2024;C121;P009;S002;1;0.1;Bank Transfer
T01079;24/12/2024;C135;P047;S004;5;0.05;Credit Card
T01080;5/09/2024;C157;P004;S001;1;0;Mobile Money
T01081;26/12/2023;C186;P002;S005;3;0.15;Bank Transfer
T01082;10/12/2023;C067;P019;S005;5;0.1;Credit Card
T01083;17/04/2024;C158;P025;S005;4;0.15;Mobile Money
T01084;29/03/2025;C047;P009;S005;2;0.1;Credit Card
T01085;25/11/2024;C001;P015;S001;1;0.15;Cash
T01086;4/04/2025;C189;P038;S002;5;0.15;Mobile Money
T01087;6/01/2025;C012;P046;S003;3;0.05;Cash
T01088;2/03/2024;C164;P005;S002;3;0.1;Cash
T01089;3/04/2024;C079;P026;S003;5;0.1;Cash
T01090;20/03/2024;C030;P009;S003;3;0.15;Cash
T01091;23/01/2025;C045;P040;S002;3;0.1;Mobile Money
T01092;12/07/2025;C122;P041;S001;2;0.15;Credit Card
T01093;29/07/2024;C161;P033;S004;5;0.1;Mobile Money
T01094;29/05/2024;C106;P020;S001;5;0.1;Bank Transfer
T01095;14/06/2025;C143;P034;S005;1;0.05;Bank Transfer
T01096;30/03/2025;C091;P031;S001;2;0.1;Cash
T01097;15/09/2024;C087;P002;S004;5;0.05;Mobile Money
T01098;12/11/2024;C048;P023;S005;1;0.1;Bank Transfer
T01099;6/07/2025;C182;P012;S001;3;0.15;Cash
T01100;19/11/2024;C128;P035;S002;3;0.15;Bank Transfer
T01101;30/04/2025;C056;P017;S005;3;0.05;Cash
T01102;27/06/2025;C096;P034;S001;2;0;Mobile Money
T01103;7/06/2025;C130;P018;S001;4;0.05;Credit Card
T01104;9/01/2024;C088;P013;S004;5;0.1;Bank Transfer
T01105;2/05/2025;C037;P011;S001;5;0.05;Credit Card
T01106;6/04/2024;C186;P027;S001;4;0.15;Cash
T01107;31/05/2025;C002;P009;S003;1;0;Bank Transfer
T01108;19/08/2025;C120;P016;S001;1;0.1;Cash
T01109;8/05/2025;C148;P004;S003;2;0.1;Credit Card
T01110;8/02/2024;C050;P006;S003;3;0.1;Mobile Money
T01111;29/08/2024;C172;P021;S001;3;0.05;Credit Card
T01112;13/01/2025;C071;P045;S001;1;0;Credit Card
T01113;25/11/2023;C139;P025;S003;5;0.1;Bank Transfer
T01114;11/05/2025;C037;P029;S003;5;0.05;Credit Card
T01115;28/12/2023;C019;P042;S003;5;0.1;Mobile Money
T01116;13/10/2023;C013;P020;S002;1;0.15;Cash
T01117;23/12/2023;C028;P012;S004;1;0;Mobile Money
T01118;14/07/2024;C101;P002;S002;5;0.15;Bank Transfer
T01119;26/04/2024;C080;P022;S003;2;0;Mobile Money
T01120;9/06/2025;C146;P021;S002;1;0.15;Cash
T01121;4/11/2023;C117;P026;S003;4;0.15;Credit Card
T01122;29/06/2024;C058;P040;S002;5;0.1;Bank Transfer
T01123;24/07/2025;C101;P021;S002;3;0.1;Mobile Money
T01124;16/10/2024;C125;P021;S001;1;0.15;Cash
T01125;19/03/2025;C090;P032;S004;4;0.05;Bank Transfer
T01126;1/03/2025;C197;P035;S003;5;0.05;Cash
T01127;27/06/2025;C104;P026;S001;3;0;Bank Transfer
T01128;21/11/2023;C137;P031;S004;4;0.15;Credit Card
T01129;29/01/2024;C159;P036;S002;5;0.05;Mobile Money
T01130;26/02/2024;C099;P012;S001;3;0.05;Mobile Money
T01131;13/12/2023;C112;P006;S005;3;0.05;Credit Card
T01132;2/10/2023;C170;P024;S001;5;0.15;Cash
T01133;21/09/2024;C152;P013;S005;4;0.1;Cash
T01134;14/01/2025;C114;P017;S002;3;0.15;Cash
T01135;6/01/2025;C154;P023;S001;5;0.15;Bank Transfer
T01136;13/03/2025;C127;P037;S001;1;0.05;Credit Card
T01137;13/08/2025;C149;P034;S001;2;0.05;Mobile Money
T01138;12/07/2024;C137;P042;S003;4;0.15;Credit Card
T01139;16/05/2025;C053;P047;S003;3;0.1;Mobile Money
T01140;14/08/2025;C184;P017;S003;1;0;Mobile Money
T01141;13/02/2025;C033;P019;S003;1;0.1;Cash
T01142;1/03/2024;C001;P046;S005;3;0;Bank Transfer
T01143;5/02/2025;C008;P023;S002;4;0.15;Bank Transfer
T01144;12/04/2024;C183;P021;S004;4;0.15;Mobile Money
T01145;1/08/2025;C140;P020;S002;2;0.15;Credit Card
T01146;9/09/2024;C049;P042;S005;4;0.1;Mobile Money
T01147;2/12/2023;C040;P041;S003;2;0.05;Cash
T01148;29/09/2024;C019;P002;S001;2;0.15;Mobile Money
T01149;20/07/2025;C035;P034;S001;2;0.15;Mobile Money
T01150;20/04/2024;C179;P029;S005;4;0.05;Mobile Money
T01151;1/11/2024;C131;P029;S004;5;0.15;Mobile Money
T01152;1/02/2024;C091;P009;S002;2;0.15;Cash
T01153;23/12/2023;C148;P046;S004;2;0.1;Mobile Money
T01154;25/12/2024;C140;P031;S005;3;0;Cash
T01155;15/05/2025;C146;P045;S004;3;0;Mobile Money
T01156;28/01/2024;C177;P038;S001;2;0.1;Mobile Money
T01157;13/10/2024;C133;P034;S001;5;0;Credit Card
T01158;26/05/2025;C121;P031;S001;5;0.1;Cash
T01159;7/11/2024;C088;P011;S005;1;0.15;Mobile Money
T01160;26/01/2025;C132;P045;S004;5;0.1;Mobile Money
T01161;24/08/2025;C091;P009;S003;3;0.05;Cash
T01162;2/10/2024;C178;P041;S005;3;0.1;Cash
T01163;7/10/2023;C162;P033;S004;5;0.05;Cash
T01164;27/12/2023;C169;P033;S003;5;0;Bank Transfer
T01165;7/03/2025;C125;P023;S001;2;0;Bank Transfer
T01166;27/03/2025;C065;P003;S002;5;0.1;Bank Transfer
T01167;3/07/2025;C066;P002;S001;1;0.05;Credit Card
T01168;23/12/2023;C169;P042;S004;3;0.05;Bank Transfer
T01169;13/01/2025;C180;P016;S002;4;0.05;Cash
T01170;2/05/2025;C088;P050;S001;2;0.05;Mobile Money
T01171;5/09/2024;C193;P004;S004;4;0.05;Mobile Money
T01172;22/06/2025;C186;P045;S002;2;0.1;Cash
T01173;29/05/2025;C165;P031;S003;1;0;Credit Card
T01174;14/04/2024;C119;P041;S004;4;0.1;Mobile Money
T01175;2/10/2024;C192;P034;S005;2;0.15;Mobile Money
T01176;15/08/2025;C122;P036;S003;2;0.15;Cash
T01177;21/10/2023;C074;P021;S004;4;0.1;Cash
T01178;17/04/2024;C025;P011;S005;3;0.15;Bank Transfer
T01179;12/01/2025;C086;P026;S003;3;0;Bank Transfer
T01180;23/11/2023;C168;P028;S005;4;0.15;Credit Card
T01181;17/12/2023;C188;P001;S005;2;0.1;Credit Card
T01182;10/07/2025;C081;P026;S005;1;0;Cash
T01183;18/05/2025;C004;P050;S004;1;0;Mobile Money
T01184;9/02/2024;C090;P015;S002;3;0.1;Credit Card
T01185;29/11/2024;C009;P035;S001;5;0;Cash
T01186;22/12/2024;C153;P037;S002;5;0;Cash
T01187;16/12/2024;C023;P008;S005;2;0.15;Credit Card
T01188;5/03/2025;C029;P024;S002;3;0.1;Mobile Money
T01189;18/02/2025;C170;P035;S001;4;0.1;Mobile Money
T01190;31/08/2025;C178;P017;S003;3;0.05;Cash
T01191;31/03/2024;C071;P023;S001;4;0.15;Bank Transfer
T01192;14/12/2023;C016;P016;S003;3;0.05;Mobile Money
T01193;7/08/2024;C018;P010;S004;2;0.15;Credit Card
T01194;13/07/2024;C166;P025;S004;1;0.05;Mobile Money
T01195;26/08/2025;C056;P032;S005;1;0.15;Bank Transfer
T01196;11/03/2025;C027;P031;S001;1;0;Bank Transfer
T01197;26/02/2024;C199;P019;S004;1;0.15;Credit Card
T01198;11/07/2025;C168;P037;S001;1;0.15;Bank Transfer
T01199;6/09/2025;C039;P018;S003;4;0;Mobile Money
T01200;18/11/2023;C123;P007;S004;4;0;Credit Card
T01201;11/12/2023;C001;P048;S004;4;0;Bank Transfer
T01202;7/02/2025;C086;P046;S003;4;0;Cash
T01203;9/01/2025;C094;P042;S005;3;0;Mobile Money
T01204;16/01/2024;C195;P018;S003;2;0.05;Cash
T01205;2/09/2025;C099;P004;S002;3;0.15;Cash
T01206;12/06/2024;C162;P047;S003;4;0;Mobile Money
T01207;4/02/2024;C189;P016;S002;2;0;Credit Card
T01208;4/05/2025;C007;P009;S005;2;0.15;Mobile Money
T01209;21/06/2025;C017;P032;S005;3;0.15;Mobile Money
T01210;3/02/2024;C005;P028;S001;3;0;Bank Transfer
T01211;22/12/2024;C185;P029;S001;4;0;Credit Card
T01212;25/11/2024;C168;P020;S005;4;0.05;Credit Card
T01213;5/12/2023;C019;P023;S001;2;0.15;Cash
T01214;4/12/2024;C121;P015;S005;1;0.05;Credit Card
T01215;17/04/2025;C004;P045;S002;1;0.1;Cash
T01216;6/09/2025;C117;P046;S005;2;0;Cash
T01217;16/12/2024;C030;P021;S004;5;0.05;Cash
T01218;21/05/2025;C052;P001;S004;3;0.15;Bank Transfer
T01219;15/07/2025;C031;P034;S005;5;0.05;Bank Transfer
T01220;16/10/2024;C055;P048;S001;5;0.05;Bank Transfer
T01221;5/05/2025;C017;P041;S001;3;0.05;Mobile Money
T01222;31/07/2025;C044;P046;S003;5;0.05;Mobile Money
T01223;30/06/2024;C063;P029;S005;1;0.05;Cash
T01224;26/01/2024;C162;P002;S005;4;0.05;Cash
T01225;7/04/2024;C125;P006;S001;1;0;Credit Card
T01226;15/10/2023;C023;P029;S005;3;0.15;Mobile Money
T01227;19/01/2024;C178;P023;S002;2;0.05;Bank Transfer
T01228;16/06/2024;C134;P029;S004;4;0.05;Credit Card
T01229;11/10/2023;C157;P004;S001;5;0.05;Mobile Money
T01230;25/06/2024;C157;P031;S001;3;0.1;Mobile Money
T01231;23/05/2024;C002;P037;S005;2;0.05;Cash
T01232;27/07/2025;C136;P038;S001;5;0.1;Credit Card
T01233;3/02/2025;C119;P013;S002;3;0;Credit Card
T01234;21/02/2024;C029;P015;S002;4;0.15;Credit Card
T01235;13/05/2024;C041;P029;S001;1;0.1;Bank Transfer
T01236;2/07/2024;C054;P004;S004;3;0.1;Mobile Money
T01237;17/07/2024;C012;P023;S001;1;0.05;Credit Card
T01238;28/01/2025;C008;P014;S004;5;0;Cash
T01239;30/11/2024;C061;P021;S004;5;0.1;Mobile Money
T01240;13/10/2024;C051;P039;S003;2;0;Bank Transfer
T01241;27/10/2023;C059;P050;S001;2;0.15;Credit Card
T01242;8/11/2023;C097;P009;S002;1;0.15;Mobile Money
T01243;22/09/2023;C014;P043;S004;2;0.05;Mobile Money
T01244;14/08/2024;C046;P043;S004;3;0.05;Mobile Money
T01245;14/02/2024;C185;P044;S002;3;0.1;Credit Card
T01246;21/10/2024;C086;P028;S002;1;0;Bank Transfer
T01247;21/02/2025;C035;P015;S001;4;0.15;Mobile Money
T01248;3/10/2024;C044;P013;S003;2;0.1;Credit Card
T01249;27/08/2024;C164;P050;S005;2;0.05;Cash
T01250;11/05/2025;C106;P029;S005;4;0.05;Mobile Money
T01251;3/02/2024;C119;P026;S003;1;0.15;Credit Card
T01252;23/02/2025;C064;P041;S003;4;0.05;Credit Card
T01253;24/03/2024;C147;P017;S001;4;0;Cash
T01254;4/05/2025;C121;P050;S005;1;0.15;Mobile Money
T01255;17/04/2025;C123;P043;S001;4;0.15;Credit Card
T01256;28/12/2024;C022;P026;S005;1;0.15;Credit Card
T01257;9/05/2025;C034;P020;S003;3;0.05;Cash
T01258;22/07/2025;C005;P012;S004;3;0.05;Mobile Money
T01259;15/03/2024;C147;P045;S005;1;0.15;Mobile Money
T01260;22/08/2024;C198;P031;S002;4;0.05;Bank Transfer
T01261;12/11/2023;C161;P011;S004;1;0;Mobile Money
T01262;10/05/2024;C177;P030;S003;5;0;Bank Transfer
T01263;6/05/2025;C110;P033;S003;5;0.05;Cash
T01264;17/02/2024;C159;P007;S003;1;0.1;Cash
T01265;28/06/2024;C029;P013;S004;3;0.15;Cash
T01266;27/05/2024;C094;P046;S003;2;0;Credit Card
T01267;1/11/2024;C036;P020;S003;2;0;Mobile Money
T01268;29/07/2025;C189;P027;S005;2;0.05;Bank Transfer
T01269;21/04/2025;C091;P050;S003;5;0.15;Bank Transfer
T01270;3/12/2024;C014;P010;S001;3;0.1;Mobile Money
T01271;27/03/2024;C125;P023;S005;5;0;Mobile Money
T01272;4/04/2024;C182;P016;S005;5;0.1;Mobile Money
T01273;3/12/2023;C159;P027;S003;1;0.05;Mobile Money
T01274;4/09/2024;C023;P032;S001;4;0.05;Bank Transfer
T01275;8/01/2024;C020;P016;S001;2;0.1;Cash
T01276;16/03/2025;C179;P023;S002;4;0.05;Credit Card
T01277;19/09/2024;C134;P041;S001;3;0.15;Credit Card
T01278;4/10/2023;C122;P023;S003;4;0.15;Cash
T01279;24/06/2024;C075;P041;S002;1;0;Credit Card
T01280;12/02/2024;C134;P014;S003;4;0.1;Bank Transfer
T01281;20/06/2025;C125;P014;S005;5;0.15;Mobile Money
T01282;29/08/2025;C078;P038;S005;2;0.1;Credit Card
T01283;14/12/2023;C067;P001;S002;4;0.1;Bank Transfer
T01284;27/06/2024;C198;P042;S001;2;0.1;Bank Transfer
T01285;29/08/2024;C117;P020;S002;5;0.05;Bank Transfer
T01286;17/02/2024;C047;P019;S002;2;0.05;Credit Card
T01287;24/08/2025;C030;P014;S001;3;0.05;Mobile Money
T01288;14/10/2023;C067;P001;S003;2;0.05;Cash
T01289;5/09/2024;C171;P041;S003;3;0.05;Bank Transfer
T01290;9/08/2024;C115;P022;S005;2;0.1;Cash
T01291;5/09/2025;C007;P032;S004;4;0.05;Mobile Money
T01292;1/12/2024;C082;P036;S002;1;0.1;Bank Transfer
T01293;6/04/2025;C122;P010;S003;5;0.05;Mobile Money
T01294;18/07/2025;C087;P028;S001;4;0;Credit Card
T01295;4/01/2024;C174;P025;S005;1;0.1;Cash
T01296;6/12/2024;C103;P007;S005;2;0.15;Bank Transfer
T01297;10/04/2025;C024;P047;S003;1;0.05;Credit Card
T01298;27/06/2025;C197;P037;S003;2;0;Cash
T01299;6/12/2023;C138;P031;S004;1;0.15;Credit Card
T01300;31/12/2023;C126;P003;S003;5;0;Bank Transfer
T01301;28/04/2025;C102;P022;S002;4;0.1;Mobile Money
T01302;19/10/2024;C096;P012;S001;3;0.1;Bank Transfer
T01303;18/07/2024;C079;P003;S004;5;0;Credit Card
T01304;30/04/2025;C187;P041;S004;4;0.15;Bank Transfer
T01305;14/05/2025;C042;P002;S004;4;0.05;Cash
T01306;21/08/2025;C037;P042;S002;3;0.15;Bank Transfer
T01307;22/12/2024;C017;P026;S005;4;0;Cash
T01308;29/02/2024;C105;P030;S003;4;0.05;Mobile Money
T01309;20/11/2024;C182;P027;S005;2;0.05;Credit Card
T01310;10/11/2023;C098;P017;S003;5;0.15;Cash
T01311;29/03/2025;C078;P042;S005;3;0.15;Mobile Money
T01312;18/06/2025;C058;P032;S001;1;0.05;Bank Transfer
T01313;26/07/2025;C077;P009;S004;1;0.1;Mobile Money
T01314;2/05/2025;C046;P012;S004;2;0;Cash
T01315;21/01/2025;C196;P022;S003;4;0;Bank Transfer
T01316;20/11/2023;C149;P049;S004;5;0.15;Bank Transfer
T01317;11/05/2024;C161;P001;S004;1;0.1;Cash
T01318;22/01/2024;C067;P047;S002;5;0;Credit Card
T01319;28/05/2024;C082;P004;S004;2;0.1;Credit Card
T01320;16/12/2024;C014;P049;S003;3;0.15;Bank Transfer
T01321;8/07/2024;C013;P002;S003;3;0;Credit Card
T01322;14/09/2024;C197;P021;S002;1;0.05;Bank Transfer
T01323;2/08/2025;C081;P019;S003;3;0.1;Cash
T01324;20/04/2024;C137;P043;S005;3;0.05;Cash
T01325;24/01/2025;C036;P042;S005;3;0.1;Mobile Money
T01326;28/12/2023;C106;P019;S003;2;0;Credit Card
T01327;2/04/2025;C040;P031;S005;2;0.05;Cash
T01328;14/05/2025;C107;P011;S004;1;0;Credit Card
T01329;25/05/2024;C005;P014;S004;3;0.1;Bank Transfer
T01330;10/06/2024;C036;P033;S004;5;0.1;Credit Card
T01331;15/09/2024;C182;P044;S003;1;0;Credit Card
T01332;17/04/2025;C033;P029;S002;2;0.1;Credit Card
T01333;31/07/2024;C054;P044;S002;1;0.15;Cash
T01334;15/11/2024;C020;P018;S001;4;0.15;Cash
T01335;5/07/2024;C051;P001;S001;1;0;Mobile Money
T01336;22/08/2025;C031;P011;S003;1;0;Bank Transfer
T01337;20/09/2023;C171;P045;S001;1;0;Credit Card
T01338;22/08/2024;C151;P045;S002;2;0.1;Cash
T01339;7/03/2024;C024;P006;S002;3;0.1;Bank Transfer
T01340;24/01/2025;C042;P001;S005;5;0.05;Cash
T01341;22/03/2025;C026;P017;S005;1;0.05;Credit Card
T01342;7/04/2025;C073;P004;S002;5;0;Cash
T01343;4/01/2025;C055;P032;S005;4;0.1;Credit Card
T01344;25/11/2023;C113;P027;S001;2;0.1;Mobile Money
T01345;26/08/2025;C109;P005;S002;5;0.05;Mobile Money
T01346;24/01/2024;C029;P004;S003;1;0.15;Cash
T01347;9/02/2024;C134;P013;S002;4;0.1;Bank Transfer
T01348;31/08/2024;C143;P025;S001;1;0.1;Mobile Money
T01349;15/11/2024;C030;P036;S004;3;0.15;Bank Transfer
T01350;6/11/2023;C176;P013;S004;2;0.15;Bank Transfer
T01351;13/10/2023;C110;P050;S002;1;0.15;Bank Transfer
T01352;22/12/2024;C046;P030;S001;4;0;Mobile Money
T01353;17/04/2024;C113;P050;S005;1;0;Credit Card
T01354;28/10/2023;C102;P003;S004;5;0;Credit Card
T01355;22/12/2023;C017;P006;S003;2;0.1;Credit Card
T01356;5/06/2025;C153;P018;S004;1;0.05;Mobile Money
T01357;26/07/2025;C186;P050;S004;3;0.1;Mobile Money
T01358;29/06/2024;C092;P046;S004;5;0.15;Mobile Money
T01359;14/08/2025;C131;P023;S003;2;0.15;Cash
T01360;6/06/2025;C032;P044;S003;4;0.15;Credit Card
T01361;9/11/2023;C161;P050;S002;1;0;Cash
T01362;13/02/2024;C018;P019;S004;1;0.05;Mobile Money
T01363;24/04/2024;C155;P015;S003;2;0.1;Cash
T01364;6/07/2025;C195;P008;S001;5;0.15;Mobile Money
T01365;2/09/2024;C052;P006;S003;4;0.15;Bank Transfer
T01366;8/06/2024;C139;P050;S003;5;0;Cash
T01367;29/03/2024;C111;P048;S001;4;0.15;Bank Transfer
T01368;3/06/2024;C097;P004;S004;4;0;Cash
T01369;2/01/2025;C046;P042;S005;3;0.05;Mobile Money
T01370;24/04/2024;C111;P010;S002;3;0.15;Mobile Money
T01371;19/10/2023;C196;P019;S001;5;0.15;Mobile Money
T01372;30/08/2025;C122;P005;S005;2;0;Mobile Money
T01373;1/04/2024;C068;P040;S004;5;0.15;Bank Transfer
T01374;26/05/2024;C197;P021;S003;3;0;Cash
T01375;19/11/2023;C152;P042;S001;2;0.1;Bank Transfer
T01376;5/06/2024;C190;P050;S005;1;0.1;Mobile Money
T01377;9/01/2025;C025;P040;S004;3;0.1;Mobile Money
T01378;26/04/2024;C090;P049;S001;2;0.05;Credit Card
T01379;30/01/2024;C166;P003;S003;5;0;Cash
T01380;5/02/2024;C079;P020;S001;3;0.05;Cash
T01381;17/10/2023;C138;P042;S003;1;0.15;Mobile Money
T01382;28/05/2024;C146;P025;S005;4;0.1;Cash
T01383;1/11/2024;C179;P021;S004;5;0;Bank Transfer
T01384;28/07/2025;C097;P036;S005;4;0.1;Cash
T01385;15/02/2024;C126;P037;S001;2;0.1;Mobile Money
T01386;28/01/2024;C129;P017;S003;2;0.1;Bank Transfer
T01387;9/03/2024;C112;P040;S002;4;0;Credit Card
T01388;8/05/2025;C074;P045;S003;1;0.1;Mobile Money
T01389;18/03/2025;C058;P016;S005;1;0;Bank Transfer
T01390;14/04/2024;C070;P026;S001;5;0.15;Mobile Money
T01391;10/12/2023;C054;P007;S003;1;0.1;Bank Transfer
T01392;23/05/2025;C111;P008;S005;3;0.05;Mobile Money
T01393;24/11/2024;C103;P031;S003;5;0.15;Credit Card
T01394;18/09/2024;C005;P050;S005;2;0.15;Credit Card
T01395;8/04/2025;C170;P016;S004;3;0.15;Cash
T01396;31/03/2025;C134;P017;S002;3;0.15;Credit Card
T01397;9/04/2024;C062;P028;S002;3;0.15;Mobile Money
T01398;28/01/2025;C082;P020;S001;2;0.15;Bank Transfer
T01399;23/06/2025;C074;P003;S002;3;0.05;Mobile Money
T01400;19/04/2025;C062;P024;S001;2;0.05;Cash
T01401;21/07/2025;C063;P013;S003;4;0.15;Mobile Money
T01402;31/03/2024;C109;P018;S001;2;0.05;Bank Transfer
T01403;2/12/2023;C035;P026;S001;3;0.1;Credit Card
T01404;4/08/2024;C165;P031;S001;4;0;Cash
T01405;17/02/2025;C022;P048;S003;5;0.1;Cash
T01406;27/08/2024;C105;P036;S003;1;0.15;Credit Card
T01407;9/10/2024;C061;P019;S001;5;0;Bank Transfer
T01408;25/09/2024;C128;P029;S001;2;0;Bank Transfer
T01409;25/08/2025;C085;P001;S005;4;0.05;Mobile Money
T01410;21/05/2025;C056;P026;S002;1;0.05;Credit Card
T01411;8/02/2024;C071;P008;S004;4;0.1;Cash
T01412;18/12/2023;C126;P043;S005;3;0;Bank Transfer
T01413;6/06/2024;C140;P005;S004;4;0.05;Bank Transfer
T01414;12/08/2024;C038;P050;S003;4;0.1;Bank Transfer
T01415;21/04/2024;C006;P050;S005;1;0;Credit Card
T01416;3/03/2025;C065;P026;S005;4;0.1;Bank Transfer
T01417;27/05/2025;C176;P050;S001;5;0.05;Mobile Money
T01418;13/05/2024;C100;P005;S001;4;0.1;Bank Transfer
T01419;24/09/2024;C024;P034;S002;3;0.05;Credit Card
T01420;28/03/2024;C113;P026;S003;4;0;Bank Transfer
T01421;1/07/2024;C021;P002;S004;4;0.15;Bank Transfer
T01422;10/09/2023;C184;P016;S004;1;0.05;Bank Transfer
T01423;11/05/2025;C130;P039;S001;3;0.15;Bank Transfer
T01424;5/06/2024;C117;P038;S001;1;0.05;Mobile Money
T01425;8/04/2024;C165;P031;S002;1;0.15;Credit Card
T01426;6/11/2023;C161;P023;S003;3;0;Cash
T01427;5/04/2025;C041;P023;S002;5;0.05;Mobile Money
T01428;7/03/2024;C082;P039;S004;4;0.05;Bank Transfer
T01429;17/05/2024;C045;P030;S005;3;0.1;Credit Card
T01430;18/07/2024;C022;P010;S004;3;0.05;Mobile Money
T01431;25/12/2024;C097;P040;S005;2;0;Cash
T01432;29/11/2023;C143;P020;S005;2;0;Mobile Money
T01433;10/07/2024;C051;P044;S003;2;0;Mobile Money
T01434;21/02/2024;C159;P048;S004;5;0.1;Credit Card
T01435;31/03/2025;C023;P003;S003;2;0;Cash
T01436;16/05/2025;C184;P043;S005;4;0.15;Mobile Money
T01437;2/04/2024;C031;P041;S002;2;0.05;Bank Transfer
T01438;6/02/2025;C074;P029;S004;4;0.05;Mobile Money
T01439;28/09/2023;C053;P017;S005;2;0.1;Credit Card
T01440;13/11/2024;C108;P015;S002;4;0.05;Cash
T01441;1/04/2025;C075;P036;S003;2;0.15;Credit Card
T01442;18/01/2024;C095;P015;S005;4;0;Cash
T01443;28/07/2025;C121;P020;S002;3;0.15;Credit Card
T01444;20/08/2024;C183;P041;S004;4;0.1;Cash
T01445;20/07/2024;C025;P019;S005;1;0;Bank Transfer
T01446;15/04/2025;C061;P022;S004;3;0;Cash
T01447;8/02/2024;C065;P011;S005;5;0.15;Bank Transfer
T01448;31/07/2024;C102;P003;S003;2;0;Credit Card
T01449;3/10/2024;C067;P006;S002;5;0.15;Bank Transfer
T01450;25/11/2024;C120;P035;S002;1;0.1;Mobile Money
T01451;19/10/2023;C037;P031;S003;1;0.1;Cash
T01452;21/11/2023;C033;P019;S004;3;0.1;Mobile Money
T01453;21/09/2023;C073;P030;S003;5;0.1;Bank Transfer
T01454;19/01/2025;C112;P016;S002;3;0.15;Credit Card
T01455;24/07/2025;C143;P020;S004;1;0.05;Credit Card
T01456;9/01/2024;C014;P017;S002;2;0;Mobile Money
T01457;27/09/2024;C067;P048;S002;4;0.15;Cash
T01458;5/12/2024;C127;P033;S001;4;0.1;Mobile Money
T01459;11/04/2025;C118;P019;S004;1;0.05;Cash
T01460;7/02/2024;C090;P031;S001;2;0.1;Credit Card
T01461;28/05/2025;C044;P045;S005;3;0.05;Cash
T01462;20/03/2025;C135;P033;S005;2;0.15;Cash
T01463;10/02/2024;C064;P012;S004;1;0.1;Cash
T01464;3/05/2025;C073;P035;S001;4;0.1;Cash
T01465;11/06/2025;C083;P049;S002;1;0;Mobile Money
T01466;10/03/2024;C182;P038;S004;4;0.1;Cash
T01467;19/03/2025;C085;P035;S001;5;0.15;Bank Transfer
T01468;17/01/2024;C188;P006;S005;2;0.05;Cash
T01469;17/07/2024;C165;P029;S003;3;0;Cash
T01470;9/05/2025;C141;P028;S005;4;0;Mobile Money
T01471;29/12/2024;C066;P031;S002;2;0.15;Cash
T01472;9/03/2025;C006;P003;S002;2;0.15;Mobile Money
T01473;8/05/2024;C073;P011;S002;1;0.1;Mobile Money
T01474;18/12/2024;C111;P016;S003;5;0.05;Bank Transfer
T01475;30/05/2024;C171;P021;S001;3;0.05;Mobile Money
T01476;9/12/2024;C115;P008;S004;4;0.1;Mobile Money
T01477;20/10/2024;C024;P042;S004;3;0.05;Mobile Money
T01478;5/04/2024;C162;P049;S004;1;0;Bank Transfer
T01479;24/03/2025;C119;P022;S002;2;0.15;Cash
T01480;23/06/2025;C075;P005;S004;4;0;Mobile Money
T01481;11/10/2024;C077;P010;S002;2;0.1;Credit Card
T01482;15/07/2025;C134;P044;S004;3;0;Cash
T01483;9/04/2024;C012;P008;S005;1;0.15;Mobile Money
T01484;7/06/2024;C025;P034;S004;5;0.1;Bank Transfer
T01485;4/11/2024;C066;P042;S005;1;0;Cash
T01486;5/10/2023;C190;P041;S004;2;0.05;Mobile Money
T01487;14/04/2025;C012;P004;S001;4;0.1;Bank Transfer
T01488;10/07/2024;C151;P037;S004;4;0.1;Bank Transfer
T01489;4/12/2023;C048;P006;S002;2;0;Bank Transfer
T01490;9/11/2023;C173;P010;S001;4;0;Cash
T01491;19/11/2024;C102;P036;S001;1;0.05;Mobile Money
T01492;23/07/2024;C118;P048;S004;5;0.15;Bank Transfer
T01493;9/12/2024;C159;P009;S005;3;0.15;Bank Transfer
T01494;25/05/2024;C023;P049;S002;2;0;Credit Card
T01495;24/11/2023;C029;P021;S001;2;0;Credit Card
T01496;30/07/2025;C124;P027;S002;2;0.15;Credit Card
T01497;25/10/2024;C023;P046;S003;4;0.05;Mobile Money
T01498;3/11/2024;C109;P030;S001;1;0.05;Credit Card
T01499;19/06/2024;C190;P007;S004;4;0.15;Cash
T01500;25/03/2025;C116;P046;S005;2;0.05;Bank Transfer
T01501;29/11/2023;C146;P018;S004;1;0.1;Cash
T01502;29/01/2024;C027;P036;S004;4;0.15;Bank Transfer
T01503;7/03/2024;C010;P031;S004;4;0.15;Mobile Money
T01504;13/01/2025;C060;P022;S001;5;0;Mobile Money
T01505;27/05/2024;C148;P010;S003;5;0;Bank Transfer
T01506;21/03/2025;C166;P044;S004;4;0;Mobile Money
T01507;10/04/2024;C160;P044;S003;4;0.15;Cash
T01508;22/07/2024;C042;P032;S003;2;0.15;Bank Transfer
T01509;19/04/2024;C113;P045;S002;5;0.05;Bank Transfer
T01510;2/08/2025;C155;P023;S004;2;0.1;Mobile Money
T01511;8/07/2024;C107;P005;S003;4;0.05;Credit Card
T01512;20/02/2024;C073;P030;S001;4;0.05;Credit Card
T01513;23/05/2025;C052;P015;S002;5;0.15;Cash
T01514;24/01/2024;C107;P040;S004;3;0.05;Credit Card
T01515;8/06/2025;C143;P043;S001;1;0.1;Bank Transfer
T01516;30/04/2025;C092;P005;S002;2;0;Cash
T01517;16/10/2023;C087;P016;S004;1;0.05;Cash
T01518;31/12/2023;C144;P007;S002;4;0.1;Bank Transfer
T01519;27/11/2023;C091;P003;S001;5;0.1;Credit Card
T01520;11/12/2023;C177;P027;S005;5;0;Cash
T01521;17/12/2024;C113;P018;S004;1;0;Cash
T01522;21/06/2025;C144;P011;S001;5;0;Credit Card
T01523;27/10/2024;C162;P031;S001;2;0.1;Credit Card
T01524;24/01/2025;C187;P013;S003;4;0.15;Cash
T01525;25/06/2024;C040;P012;S003;3;0.05;Cash
T01526;5/07/2024;C052;P009;S004;4;0;Credit Card
T01527;5/09/2024;C122;P012;S003;3;0.05;Cash
T01528;29/01/2025;C069;P018;S003;4;0.1;Credit Card
T01529;28/04/2024;C039;P015;S005;4;0.05;Credit Card
T01530;14/11/2023;C110;P010;S004;4;0.15;Bank Transfer
T01531;18/03/2025;C008;P032;S004;2;0;Cash
T01532;12/10/2024;C022;P039;S003;3;0.15;Credit Card
T01533;22/09/2024;C112;P030;S001;4;0;Credit Card
T01534;31/12/2024;C148;P040;S001;5;0.1;Mobile Money
T01535;4/07/2025;C103;P042;S005;3;0.1;Bank Transfer
T01536;6/06/2025;C003;P045;S003;5;0.05;Mobile Money
T01537;30/04/2025;C115;P017;S002;5;0.15;Bank Transfer
T01538;2/12/2023;C167;P035;S004;2;0.1;Cash
T01539;8/03/2025;C010;P036;S005;3;0.15;Credit Card
T01540;20/09/2023;C134;P005;S005;3;0.05;Cash
T01541;11/10/2024;C131;P026;S005;3;0.1;Credit Card
T01542;19/05/2025;C006;P027;S001;5;0.1;Credit Card
T01543;9/02/2025;C199;P037;S003;4;0;Cash
T01544;1/12/2024;C096;P040;S003;5;0.1;Cash
T01545;30/09/2024;C013;P005;S001;4;0.1;Cash
T01546;19/03/2024;C117;P008;S003;2;0.05;Bank Transfer
T01547;1/03/2024;C077;P019;S003;5;0.05;Mobile Money
T01548;4/07/2024;C134;P036;S002;1;0.1;Credit Card
T01549;24/07/2025;C200;P038;S003;4;0;Credit Card
T01550;8/05/2025;C183;P007;S004;4;0;Cash
T01551;4/12/2024;C016;P038;S004;2;0.15;Credit Card
T01552;6/08/2024;C115;P007;S001;3;0.15;Mobile Money
T01553;11/04/2025;C068;P009;S005;4;0.15;Mobile Money
T01554;22/01/2025;C177;P031;S004;4;0.05;Credit Card
T01555;18/10/2023;C130;P030;S002;4;0.15;Credit Card
T01556;26/02/2025;C181;P041;S005;5;0;Credit Card
T01557;14/09/2024;C117;P003;S004;1;0.05;Bank Transfer
T01558;22/08/2024;C031;P042;S005;4;0;Cash
T01559;30/10/2024;C095;P007;S005;3;0;Credit Card
T01560;30/04/2025;C031;P037;S003;3;0.1;Bank Transfer
T01561;16/11/2023;C076;P016;S004;1;0.05;Credit Card
T01562;17/09/2024;C151;P041;S004;1;0.1;Bank Transfer
T01563;10/12/2023;C056;P029;S002;4;0;Cash
T01564;2/03/2025;C141;P030;S003;1;0;Mobile Money
T01565;13/10/2024;C124;P022;S005;3;0.15;Bank Transfer
T01566;26/02/2025;C097;P029;S004;5;0.05;Credit Card
T01567;26/11/2024;C130;P041;S004;4;0.15;Credit Card
T01568;2/02/2024;C187;P017;S003;1;0.15;Mobile Money
T01569;15/02/2024;C060;P039;S004;3;0;Mobile Money
T01570;19/07/2025;C189;P022;S003;1;0.05;Cash
T01571;16/02/2025;C147;P008;S003;5;0;Cash
T01572;12/11/2024;C050;P014;S005;5;0;Credit Card
T01573;7/01/2024;C193;P023;S004;5;0;Cash
T01574;14/09/2024;C169;P012;S005;2;0;Bank Transfer
T01575;23/06/2025;C053;P046;S002;5;0.15;Cash
T01576;1/11/2023;C137;P027;S005;3;0.15;Cash
T01577;17/01/2025;C126;P022;S001;3;0.15;Credit Card
T01578;11/09/2024;C107;P039;S001;5;0.1;Mobile Money
T01579;8/07/2024;C066;P022;S001;1;0;Credit Card
T01580;7/09/2025;C074;P003;S002;2;0.1;Cash
T01581;9/03/2025;C040;P014;S003;4;0.05;Cash
T01582;22/02/2025;C158;P048;S003;2;0;Cash
T01583;13/09/2024;C077;P017;S004;1;0.1;Credit Card
T01584;25/05/2025;C106;P033;S003;3;0.15;Cash
T01585;12/05/2025;C014;P028;S002;2;0.05;Mobile Money
T01586;8/10/2024;C131;P028;S005;4;0;Bank Transfer
T01587;20/10/2024;C016;P041;S003;4;0.15;Cash
T01588;28/12/2023;C124;P041;S001;4;0.05;Cash
T01589;19/11/2024;C069;P020;S005;5;0;Credit Card
T01590;7/09/2024;C196;P004;S005;2;0.1;Mobile Money
T01591;27/10/2023;C115;P002;S001;5;0.05;Credit Card
T01592;5/09/2024;C096;P049;S005;2;0.05;Mobile Money
T01593;12/03/2024;C143;P030;S004;1;0;Mobile Money
T01594;10/07/2024;C159;P047;S003;2;0;Cash
T01595;6/12/2023;C124;P011;S003;5;0.1;Mobile Money
T01596;11/06/2025;C090;P015;S002;5;0.1;Cash
T01597;12/09/2024;C042;P045;S005;5;0;Bank Transfer
T01598;1/10/2023;C023;P019;S004;1;0.05;Bank Transfer
T01599;24/07/2024;C111;P043;S002;5;0.1;Bank Transfer
T01600;30/10/2024;C163;P003;S003;4;0.1;Credit Card
T01601;25/08/2025;C170;P033;S003;3;0.05;Mobile Money
T01602;3/02/2024;C154;P037;S003;1;0.05;Cash
T01603;26/03/2024;C156;P014;S004;1;0;Credit Card
T01604;4/06/2025;C106;P011;S005;4;0.15;Cash
T01605;13/05/2025;C167;P030;S001;5;0;Mobile Money
T01606;8/11/2024;C173;P023;S001;3;0.15;Bank Transfer
T01607;2/09/2024;C100;P006;S002;1;0;Mobile Money
T01608;2/04/2025;C095;P035;S002;4;0;Credit Card
T01609;7/10/2023;C191;P049;S001;3;0.1;Credit Card
T01610;14/01/2025;C024;P027;S005;3;0.05;Credit Card
T01611;4/12/2024;C127;P026;S003;1;0.1;Mobile Money
T01612;23/02/2025;C181;P039;S005;2;0;Credit Card
T01613;10/01/2024;C164;P006;S004;1;0.1;Mobile Money
T01614;20/09/2023;C044;P033;S005;2;0.05;Cash
T01615;20/11/2023;C151;P032;S002;1;0.05;Bank Transfer
T01616;30/05/2025;C146;P002;S002;5;0.1;Credit Card
T01617;23/08/2025;C174;P003;S001;5;0.1;Mobile Money
T01618;2/03/2025;C001;P003;S004;1;0.1;Mobile Money
T01619;21/01/2024;C105;P033;S003;1;0.15;Mobile Money
T01620;30/03/2025;C093;P026;S005;1;0.05;Cash
T01621;11/08/2025;C072;P025;S004;5;0.15;Bank Transfer
T01622;3/03/2025;C002;P035;S004;2;0.1;Cash
T01623;3/09/2024;C147;P032;S001;2;0.15;Cash
T01624;5/08/2025;C064;P011;S002;2;0.1;Bank Transfer
T01625;7/01/2024;C017;P027;S001;1;0.15;Mobile Money
T01626;22/06/2024;C007;P040;S005;3;0.1;Credit Card
T01627;10/04/2024;C028;P029;S004;2;0.1;Cash
T01628;31/12/2024;C086;P027;S005;2;0;Mobile Money
T01629;28/10/2024;C196;P044;S001;4;0;Cash
T01630;8/05/2025;C016;P042;S001;4;0.1;Cash
T01631;31/07/2025;C033;P007;S001;4;0;Bank Transfer
T01632;10/08/2024;C157;P008;S004;1;0;Cash
T01633;25/06/2024;C144;P006;S001;3;0.15;Mobile Money
T01634;14/10/2024;C025;P047;S005;4;0.05;Cash
T01635;27/07/2024;C117;P024;S004;4;0.15;Cash
T01636;9/09/2024;C087;P033;S001;4;0.1;Credit Card
T01637;26/05/2024;C028;P016;S001;1;0;Credit Card
T01638;5/08/2025;C147;P014;S002;5;0.1;Bank Transfer
T01639;25/07/2024;C108;P005;S004;5;0.15;Credit Card
T01640;7/09/2025;C063;P011;S002;1;0;Credit Card
T01641;18/09/2023;C080;P046;S005;4;0.1;Bank Transfer
T01642;22/08/2025;C150;P047;S005;2;0.05;Mobile Money
T01643;21/01/2024;C080;P001;S005;3;0.1;Bank Transfer
T01644;1/03/2024;C003;P018;S005;5;0.05;Cash
T01645;22/10/2023;C061;P037;S005;5;0;Mobile Money
T01646;27/12/2023;C089;P038;S002;2;0.05;Cash
T01647;20/11/2023;C088;P026;S002;4;0.15;Bank Transfer
T01648;22/05/2025;C149;P019;S005;3;0.1;Mobile Money
T01649;12/02/2025;C085;P040;S002;1;0.15;Cash
T01650;10/12/2024;C127;P033;S002;1;0.05;Credit Card
T01651;18/08/2024;C120;P021;S005;2;0.05;Mobile Money
T01652;30/03/2024;C189;P004;S003;4;0.05;Mobile Money
T01653;8/08/2025;C048;P036;S001;3;0;Cash
T01654;5/06/2024;C092;P006;S001;5;0;Credit Card
T01655;8/01/2025;C075;P003;S004;2;0.1;Cash
T01656;1/05/2025;C008;P009;S002;2;0.1;Credit Card
T01657;1/12/2023;C057;P048;S003;2;0.1;Credit Card
T01658;3/01/2025;C046;P018;S002;1;0.05;Bank Transfer
T01659;9/02/2024;C026;P001;S001;2;0.15;Cash
T01660;10/02/2024;C087;P003;S002;3;0.15;Credit Card
T01661;26/10/2023;C095;P015;S003;2;0.15;Cash
T01662;7/11/2024;C031;P031;S002;2;0.05;Credit Card
T01663;19/07/2025;C137;P047;S004;3;0.1;Mobile Money
T01664;25/01/2025;C163;P020;S002;1;0.05;Bank Transfer
T01665;17/01/2024;C039;P036;S003;2;0;Bank Transfer
T01666;3/01/2024;C033;P048;S005;5;0.15;Credit Card
T01667;18/02/2025;C187;P022;S001;4;0;Credit Card
T01668;30/08/2025;C131;P042;S004;5;0.1;Mobile Money
T01669;26/01/2025;C133;P002;S004;2;0.1;Bank Transfer
T01670;21/06/2024;C135;P026;S004;4;0.15;Bank Transfer
T01671;13/12/2023;C149;P043;S004;5;0;Credit Card
T01672;18/07/2024;C057;P003;S002;4;0.05;Mobile Money
T01673;4/05/2024;C056;P009;S003;4;0.15;Credit Card
T01674;5/12/2024;C096;P021;S003;5;0;Credit Card
T01675;19/05/2024;C193;P021;S001;3;0.15;Bank Transfer
T01676;28/01/2025;C059;P038;S005;1;0.15;Bank Transfer
T01677;15/11/2023;C110;P037;S004;4;0.15;Mobile Money
T01678;6/02/2024;C095;P050;S004;3;0.1;Mobile Money
T01679;9/08/2024;C007;P050;S002;4;0.05;Bank Transfer
T01680;15/09/2023;C166;P044;S001;3;0;Bank Transfer
T01681;22/06/2024;C129;P029;S005;5;0;Bank Transfer
T01682;27/09/2024;C059;P005;S001;1;0;Bank Transfer
T01683;22/11/2023;C010;P039;S005;2;0.1;Credit Card
T01684;7/11/2024;C173;P012;S003;3;0.1;Bank Transfer
T01685;11/08/2024;C049;P035;S005;2;0.1;Cash
T01686;1/10/2023;C198;P036;S003;3;0.1;Mobile Money
T01687;20/06/2024;C104;P036;S005;1;0.15;Credit Card
T01688;5/10/2023;C102;P027;S002;2;0.05;Mobile Money
T01689;4/05/2025;C060;P009;S005;5;0.15;Mobile Money
T01690;5/03/2025;C088;P008;S001;3;0.05;Mobile Money
T01691;26/04/2024;C198;P022;S004;2;0.15;Mobile Money
T01692;5/12/2023;C143;P046;S001;3;0.05;Credit Card
T01693;3/10/2024;C079;P040;S001;4;0.1;Bank Transfer
T01694;3/07/2024;C058;P033;S004;4;0.15;Bank Transfer
T01695;6/07/2024;C084;P010;S005;1;0;Credit Card
T01696;9/10/2024;C040;P024;S003;5;0.15;Mobile Money
T01697;9/03/2024;C053;P003;S004;1;0.15;Credit Card
T01698;17/08/2024;C122;P036;S001;3;0.15;Bank Transfer
T01699;19/01/2025;C024;P034;S002;1;0.05;Cash
T01700;9/05/2024;C177;P047;S005;4;0;Credit Card
T01701;25/03/2025;C051;P032;S001;4;0.1;Credit Card
T01702;23/05/2024;C060;P041;S003;5;0;Mobile Money
T01703;22/01/2025;C015;P036;S003;5;0;Credit Card
T01704;5/11/2023;C084;P046;S004;4;0.05;Cash
T01705;9/12/2023;C034;P032;S005;4;0.15;Cash
T01706;28/05/2025;C100;P001;S002;2;0.05;Bank Transfer
T01707;5/03/2025;C111;P048;S004;2;0.1;Credit Card
T01708;8/07/2025;C129;P041;S004;3;0.05;Cash
T01709;10/10/2024;C037;P016;S004;1;0.15;Credit Card
T01710;12/02/2025;C135;P025;S003;5;0.15;Mobile Money
T01711;17/09/2023;C119;P028;S005;1;0;Bank Transfer
T01712;15/11/2024;C166;P006;S004;3;0.1;Mobile Money
T01713;4/10/2024;C157;P027;S002;4;0.05;Credit Card
T01714;11/10/2023;C159;P008;S004;4;0.15;Credit Card
T01715;9/08/2025;C179;P023;S005;1;0.15;Cash
T01716;4/07/2024;C062;P009;S002;3;0.1;Cash
T01717;19/01/2024;C179;P003;S002;4;0.15;Cash
T01718;20/09/2023;C095;P050;S001;1;0.1;Mobile Money
T01719;20/09/2024;C116;P022;S002;3;0.05;Cash
T01720;24/08/2025;C119;P037;S001;1;0.15;Mobile Money
T01721;15/02/2024;C088;P042;S004;2;0.15;Cash
T01722;27/09/2024;C003;P045;S003;1;0.05;Bank Transfer
T01723;26/05/2024;C172;P025;S004;4;0.15;Cash
T01724;10/08/2025;C022;P013;S005;2;0.15;Credit Card
T01725;26/06/2024;C121;P015;S003;2;0.05;Cash
T01726;13/09/2023;C156;P040;S001;2;0.1;Cash
T01727;18/05/2025;C137;P036;S004;2;0;Cash
T01728;19/05/2024;C174;P018;S003;2;0.15;Bank Transfer
T01729;24/08/2025;C046;P033;S002;1;0.05;Mobile Money
T01730;22/08/2025;C179;P002;S001;5;0;Mobile Money
T01731;8/06/2025;C177;P011;S003;4;0;Cash
T01732;28/12/2024;C013;P034;S004;2;0.05;Bank Transfer
T01733;15/09/2024;C062;P046;S002;1;0;Mobile Money
T01734;2/04/2024;C008;P032;S001;3;0.05;Cash
T01735;11/08/2025;C057;P018;S001;2;0.05;Cash
T01736;5/08/2024;C107;P050;S005;1;0.1;Bank Transfer
T01737;29/07/2024;C144;P006;S002;5;0.05;Mobile Money
T01738;28/07/2025;C110;P010;S001;2;0.05;Cash
T01739;21/09/2023;C092;P033;S003;2;0;Mobile Money
T01740;8/09/2025;C168;P050;S003;1;0.15;Credit Card
T01741;29/06/2024;C118;P013;S002;1;0.1;Bank Transfer
T01742;24/04/2024;C012;P004;S001;2;0.15;Bank Transfer
T01743;8/07/2024;C197;P024;S005;4;0;Credit Card
T01744;19/08/2024;C065;P019;S001;5;0.1;Mobile Money
T01745;20/02/2024;C174;P040;S002;3;0.05;Bank Transfer
T01746;22/03/2025;C171;P001;S004;1;0.1;Cash
T01747;1/05/2024;C156;P007;S005;4;0.15;Credit Card
T01748;24/06/2024;C129;P047;S005;1;0.05;Cash
T01749;1/04/2025;C158;P014;S001;3;0.05;Mobile Money
T01750;25/06/2024;C194;P050;S002;5;0;Cash
T01751;26/05/2025;C036;P013;S003;4;0.1;Credit Card
T01752;2/10/2024;C039;P010;S004;2;0;Credit Card
T01753;11/12/2024;C186;P027;S005;4;0.1;Credit Card
T01754;21/09/2024;C072;P049;S003;1;0.15;Bank Transfer
T01755;10/10/2023;C193;P017;S001;2;0.1;Bank Transfer
T01756;4/10/2024;C063;P048;S002;5;0;Credit Card
T01757;24/12/2024;C176;P003;S002;5;0.15;Bank Transfer
T01758;23/03/2025;C047;P047;S004;1;0;Mobile Money
T01759;31/10/2023;C018;P026;S002;1;0.05;Credit Card
T01760;3/07/2024;C033;P001;S001;2;0.05;Credit Card
T01761;30/04/2025;C130;P011;S001;4;0.15;Bank Transfer
T01762;21/09/2024;C043;P013;S002;2;0.15;Credit Card
T01763;27/10/2024;C156;P027;S002;3;0.1;Mobile Money
T01764;27/05/2025;C163;P008;S002;3;0.15;Cash
T01765;13/05/2025;C093;P033;S004;4;0.05;Mobile Money
T01766;18/03/2024;C113;P014;S004;5;0.15;Credit Card
T01767;7/05/2024;C124;P034;S001;4;0.15;Cash
T01768;13/10/2023;C195;P019;S003;5;0.05;Credit Card
T01769;9/09/2025;C066;P022;S004;4;0.1;Mobile Money
T01770;18/06/2025;C073;P028;S004;5;0.15;Cash
T01771;13/01/2024;C086;P016;S002;4;0.05;Credit Card
T01772;10/10/2023;C049;P035;S001;1;0.1;Mobile Money
T01773;17/08/2025;C104;P043;S004;4;0.1;Mobile Money
T01774;30/08/2024;C126;P029;S003;5;0;Mobile Money
T01775;9/03/2025;C010;P030;S001;4;0.05;Credit Card
T01776;22/04/2025;C196;P026;S004;3;0.1;Mobile Money
T01777;5/05/2025;C163;P010;S003;1;0.15;Mobile Money
T01778;4/08/2025;C189;P033;S002;2;0.15;Cash
T01779;20/04/2024;C093;P022;S001;2;0.1;Mobile Money
T01780;2/02/2025;C175;P038;S002;3;0.05;Credit Card
T01781;22/07/2025;C004;P035;S001;1;0.15;Mobile Money
T01782;22/09/2023;C181;P028;S005;1;0.05;Mobile Money
T01783;19/03/2024;C043;P026;S004;3;0.1;Mobile Money
T01784;12/10/2024;C151;P026;S003;4;0;Cash
T01785;4/11/2023;C163;P022;S005;3;0.05;Bank Transfer
T01786;27/07/2025;C192;P008;S002;4;0.1;Cash
T01787;2/10/2023;C044;P021;S004;1;0;Cash
T01788;8/04/2024;C199;P038;S004;5;0.15;Bank Transfer
T01789;3/06/2024;C188;P049;S004;2;0.05;Bank Transfer
T01790;27/09/2023;C048;P048;S002;2;0.15;Credit Card
T01791;18/06/2025;C129;P040;S001;4;0.05;Credit Card
T01792;11/01/2025;C052;P007;S001;2;0.05;Bank Transfer
T01793;21/11/2024;C105;P004;S004;5;0;Credit Card
T01794;5/10/2024;C021;P024;S003;1;0.15;Cash
T01795;20/04/2024;C071;P021;S001;3;0;Credit Card
T01796;12/05/2025;C123;P034;S004;1;0;Cash
T01797;22/04/2024;C069;P014;S001;5;0;Cash
T01798;3/02/2024;C055;P043;S005;1;0.15;Bank Transfer
T01799;16/07/2024;C125;P028;S004;3;0.15;Bank Transfer
T01800;10/11/2023;C095;P006;S003;3;0.05;Bank Transfer
T01801;6/01/2025;C171;P026;S004;4;0;Bank Transfer
T01802;22/06/2024;C085;P037;S001;1;0.15;Mobile Money
T01803;3/02/2024;C186;P009;S002;1;0;Bank Transfer
T01804;5/01/2025;C180;P039;S002;3;0.15;Mobile Money
T01805;7/01/2024;C132;P005;S004;2;0;Bank Transfer
T01806;9/05/2025;C005;P033;S003;1;0.1;Mobile Money
T01807;25/07/2025;C060;P045;S005;4;0.15;Cash
T01808;3/06/2024;C090;P023;S004;4;0;Mobile Money
T01809;22/07/2024;C076;P015;S005;2;0.05;Cash
T01810;18/10/2023;C033;P019;S004;1;0.1;Mobile Money
T01811;21/09/2024;C044;P024;S004;1;0.15;Credit Card
T01812;8/10/2024;C063;P021;S002;2;0;Cash
T01813;6/08/2024;C112;P046;S001;2;0.1;Mobile Money
T01814;21/06/2025;C197;P035;S003;2;0.1;Mobile Money
T01815;31/12/2023;C172;P039;S001;2;0.15;Cash
T01816;13/03/2025;C178;P043;S003;2;0;Bank Transfer
T01817;13/09/2024;C097;P004;S004;5;0.15;Credit Card
T01818;27/08/2024;C058;P019;S003;1;0.1;Cash
T01819;11/11/2024;C029;P037;S001;3;0.05;Cash
T01820;25/01/2024;C147;P013;S003;2;0.1;Mobile Money
T01821;23/10/2024;C148;P040;S001;3;0;Credit Card
T01822;8/10/2024;C100;P008;S004;3;0.1;Credit Card
T01823;9/09/2024;C134;P039;S005;5;0.05;Cash
T01824;23/02/2025;C102;P026;S001;5;0.15;Bank Transfer
T01825;15/12/2023;C038;P009;S003;2;0.15;Mobile Money
T01826;19/01/2025;C038;P002;S005;3;0.05;Cash
T01827;18/09/2023;C154;P022;S003;3;0;Bank Transfer
T01828;15/04/2024;C181;P049;S005;4;0.05;Mobile Money
T01829;2/01/2024;C075;P041;S004;1;0.1;Credit Card
T01830;25/02/2024;C184;P034;S002;2;0;Credit Card
T01831;8/10/2024;C125;P047;S004;3;0.05;Cash
T01832;9/08/2024;C141;P049;S004;3;0.15;Mobile Money
T01833;20/02/2025;C090;P004;S004;4;0;Bank Transfer
T01834;9/05/2025;C073;P020;S002;5;0.15;Cash
T01835;23/07/2025;C034;P046;S003;5;0;Bank Transfer
T01836;25/08/2025;C118;P025;S002;5;0.05;Mobile Money
T01837;22/01/2025;C179;P049;S004;3;0.05;Credit Card
T01838;24/08/2024;C056;P046;S002;1;0.1;Cash
T01839;22/06/2025;C174;P020;S002;4;0.15;Credit Card
T01840;18/11/2023;C015;P026;S001;3;0.15;Credit Card
T01841;9/03/2024;C014;P029;S001;5;0.1;Mobile Money
T01842;5/04/2024;C039;P030;S004;2;0;Cash
T01843;21/10/2023;C062;P009;S004;4;0.1;Credit Card
T01844;20/11/2024;C168;P038;S004;1;0.15;Mobile Money
T01845;16/12/2024;C071;P017;S004;3;0;Cash
T01846;6/11/2023;C030;P003;S001;1;0.15;Credit Card
T01847;28/03/2025;C006;P041;S005;5;0.15;Bank Transfer
T01848;23/03/2024;C178;P003;S001;5;0.05;Mobile Money
T01849;17/06/2024;C124;P040;S004;3;0.05;Cash
T01850;28/02/2025;C084;P041;S001;5;0.05;Mobile Money
T01851;2/05/2025;C180;P037;S001;4;0.15;Cash
T01852;15/12/2024;C133;P013;S005;5;0;Credit Card
T01853;25/12/2024;C169;P002;S001;2;0.05;Cash
T01854;3/11/2024;C143;P005;S004;3;0;Cash
T01855;1/11/2024;C033;P004;S005;2;0.05;Cash
T01856;28/11/2024;C144;P035;S003;1;0;Cash
T01857;16/06/2025;C130;P039;S003;3;0.05;Mobile Money
T01858;3/04/2024;C169;P017;S001;2;0.1;Cash
T01859;13/06/2025;C133;P011;S003;5;0.15;Credit Card
T01860;5/06/2024;C148;P009;S004;3;0.1;Credit Card
T01861;6/03/2024;C177;P022;S001;1;0.05;Cash
T01862;19/09/2023;C049;P041;S002;3;0.05;Credit Card
T01863;11/05/2025;C155;P040;S005;2;0.1;Bank Transfer
T01864;27/01/2025;C033;P040;S005;4;0;Bank Transfer
T01865;1/01/2025;C067;P017;S004;2;0.15;Mobile Money
T01866;24/04/2025;C022;P024;S003;4;0.05;Credit Card
T01867;26/02/2025;C019;P033;S003;2;0.1;Credit Card
T01868;28/03/2025;C108;P041;S002;3;0.15;Mobile Money
T01869;13/03/2025;C007;P011;S005;2;0;Bank Transfer
T01870;24/07/2025;C032;P026;S005;1;0.15;Cash
T01871;23/09/2024;C085;P042;S001;3;0.1;Bank Transfer
T01872;28/03/2025;C038;P008;S002;3;0;Cash
T01873;20/04/2025;C097;P004;S002;4;0;Cash
T01874;12/01/2024;C045;P037;S005;3;0.15;Cash
T01875;26/07/2025;C136;P023;S003;5;0.1;Bank Transfer
T01876;25/11/2024;C156;P003;S001;1;0.05;Bank Transfer
T01877;14/01/2024;C193;P002;S004;2;0.1;Mobile Money
T01878;24/11/2024;C123;P011;S005;2;0.1;Cash
T01879;2/09/2025;C176;P003;S005;2;0.05;Credit Card
T01880;25/03/2024;C097;P020;S005;3;0;Bank Transfer
T01881;20/12/2023;C182;P032;S002;5;0.15;Mobile Money
T01882;26/05/2025;C047;P004;S004;3;0.15;Bank Transfer
T01883;27/07/2025;C071;P033;S004;5;0.05;Bank Transfer
T01884;12/03/2025;C163;P027;S001;3;0.15;Bank Transfer
T01885;9/11/2023;C024;P021;S001;1;0.05;Cash
T01886;21/08/2025;C043;P046;S005;1;0;Bank Transfer
T01887;9/12/2024;C142;P033;S004;1;0.15;Credit Card
T01888;20/09/2024;C123;P014;S004;5;0;Mobile Money
T01889;12/09/2023;C004;P030;S005;2;0;Mobile Money
T01890;23/09/2024;C180;P043;S005;3;0.05;Cash
T01891;9/03/2025;C156;P009;S004;2;0.05;Credit Card
T01892;21/04/2024;C020;P010;S003;2;0.1;Cash
T01893;2/06/2024;C109;P002;S004;4;0.05;Bank Transfer
T01894;28/08/2025;C029;P040;S003;2;0;Bank Transfer
T01895;23/02/2025;C077;P028;S004;3;0.1;Credit Card
T01896;30/05/2025;C001;P009;S005;4;0.05;Bank Transfer
T01897;3/01/2024;C165;P047;S005;1;0.15;Mobile Money
T01898;5/02/2025;C015;P018;S003;1;0.15;Bank Transfer
T01899;11/11/2024;C077;P016;S003;1;0;Bank Transfer
T01900;3/06/2025;C185;P050;S002;4;0.1;Cash
T01901;21/10/2024;C026;P041;S004;4;0.05;Cash
T01902;14/01/2024;C136;P025;S005;2;0.15;Cash
T01903;30/09/2023;C125;P049;S001;2;0.1;Credit Card
T01904;6/08/2024;C121;P013;S004;3;0.1;Bank Transfer
T01905;9/09/2025;C110;P023;S002;5;0.1;Cash
T01906;10/02/2024;C113;P024;S004;2;0.05;Bank Transfer
T01907;1/05/2024;C192;P027;S004;1;0.1;Credit Card
T01908;1/09/2024;C029;P046;S002;3;0;Credit Card
T01909;30/09/2024;C102;P048;S004;3;0;Credit Card
T01910;14/09/2023;C171;P041;S002;4;0.1;Cash
T01911;28/08/2025;C108;P050;S004;5;0.15;Credit Card
T01912;21/09/2023;C084;P036;S004;5;0.15;Credit Card
T01913;29/02/2024;C029;P047;S001;1;0.05;Credit Card
T01914;9/02/2025;C089;P032;S005;1;0.05;Cash
T01915;17/09/2023;C174;P034;S003;4;0;Mobile Money
T01916;30/12/2023;C123;P021;S003;3;0.15;Cash
T01917;9/06/2025;C195;P001;S004;2;0.05;Credit Card
T01918;13/08/2025;C064;P004;S003;1;0.1;Credit Card
T01919;29/10/2024;C171;P017;S004;2;0.15;Cash
T01920;25/04/2024;C180;P048;S005;5;0.05;Credit Card
T01921;5/11/2024;C152;P017;S002;2;0;Credit Card
T01922;18/03/2025;C103;P040;S001;3;0.05;Credit Card
T01923;6/08/2025;C110;P035;S001;5;0.05;Cash
T01924;21/08/2024;C014;P035;S004;4;0.1;Credit Card
T01925;27/07/2024;C057;P014;S003;4;0.15;Cash
T01926;24/02/2025;C131;P013;S004;1;0.1;Cash
T01927;13/04/2024;C069;P049;S003;3;0.1;Mobile Money
T01928;25/03/2024;C064;P033;S003;1;0.05;Cash
T01929;28/06/2025;C001;P002;S001;3;0.05;Bank Transfer
T01930;18/06/2024;C121;P050;S003;5;0;Mobile Money
T01931;23/01/2024;C048;P016;S003;4;0.1;Bank Transfer
T01932;24/10/2023;C078;P049;S001;1;0;Credit Card
T01933;24/06/2025;C085;P037;S003;3;0.1;Credit Card
T01934;23/06/2024;C167;P038;S003;2;0.15;Cash
T01935;24/09/2024;C028;P009;S002;5;0;Cash
T01936;9/09/2025;C151;P004;S002;2;0.15;Cash
T01937;12/11/2023;C020;P041;S005;5;0.1;Bank Transfer
T01938;2/08/2024;C186;P017;S004;2;0.05;Cash
T01939;25/02/2025;C033;P034;S002;4;0.1;Bank Transfer
T01940;28/06/2025;C094;P025;S004;1;0.15;Cash
T01941;7/06/2025;C124;P039;S004;5;0;Credit Card
T01942;4/06/2025;C154;P026;S003;2;0.1;Cash
T01943;20/10/2024;C145;P013;S001;2;0.15;Mobile Money
T01944;4/03/2024;C176;P045;S005;5;0;Credit Card
T01945;21/05/2024;C113;P025;S005;4;0.15;Mobile Money
T01946;23/06/2025;C156;P042;S003;2;0.05;Cash
T01947;2/06/2025;C041;P039;S005;2;0;Mobile Money
T01948;5/07/2024;C129;P047;S005;3;0.1;Credit Card
T01949;9/07/2024;C076;P002;S003;5;0;Credit Card
T01950;2/03/2025;C058;P011;S001;5;0.05;Bank Transfer
T01951;15/06/2025;C011;P036;S002;3;0.05;Bank Transfer
T01952;11/04/2025;C014;P002;S002;2;0;Cash
T01953;10/11/2023;C167;P018;S003;5;0.1;Bank Transfer
T01954;30/06/2025;C022;P011;S005;3;0.05;Mobile Money
T01955;2/09/2024;C157;P002;S003;3;0;Cash
T01956;1/03/2025;C092;P038;S002;3;0.05;Bank Transfer
T01957;17/01/2025;C005;P024;S005;5;0;Mobile Money
T01958;24/03/2024;C168;P035;S003;5;0.05;Mobile Money
T01959;22/12/2023;C057;P030;S003;3;0.05;Mobile Money
T01960;5/08/2024;C040;P024;S004;2;0.15;Bank Transfer
T01961;9/11/2024;C038;P021;S004;1;0.15;Credit Card
T01962;1/01/2024;C118;P036;S002;2;0.05;Mobile Money
T01963;18/09/2024;C187;P045;S002;3;0;Bank Transfer
T01964;14/08/2024;C042;P049;S002;4;0.05;Cash
T01965;10/06/2024;C037;P021;S001;4;0.05;Mobile Money
T01966;20/02/2024;C166;P002;S004;1;0.05;Cash
T01967;9/10/2023;C155;P030;S001;4;0.15;Cash
T01968;19/03/2024;C029;P030;S001;1;0.05;Credit Card
T01969;21/02/2025;C198;P009;S001;3;0.05;Cash
T01970;2/12/2023;C003;P041;S001;5;0.1;Cash
T01971;21/08/2024;C052;P011;S002;4;0.15;Credit Card
T01972;15/05/2025;C079;P046;S003;4;0.05;Credit Card
T01973;22/07/2024;C015;P001;S005;3;0;Cash
T01974;18/05/2024;C012;P024;S001;5;0.1;Cash
T01975;16/11/2023;C131;P032;S004;2;0;Credit Card
T01976;2/10/2024;C007;P013;S002;4;0.15;Credit Card
T01977;24/10/2024;C091;P021;S003;2;0.15;Cash
T01978;21/09/2023;C126;P012;S002;1;0.05;Cash
T01979;8/11/2024;C073;P024;S003;1;0.1;Cash
T01980;28/01/2025;C093;P018;S001;1;0.05;Credit Card
T01981;6/05/2025;C110;P019;S005;3;0.05;Mobile Money
T01982;18/10/2023;C039;P028;S003;5;0.1;Bank Transfer
T01983;16/01/2025;C027;P019;S003;4;0.1;Bank Transfer
T01984;3/03/2025;C183;P024;S001;1;0.05;Credit Card
T01985;4/01/2025;C082;P024;S002;4;0.15;Mobile Money
T01986;2/02/2025;C018;P032;S001;5;0.15;Bank Transfer
T01987;8/01/2025;C038;P021;S001;3;0.05;Credit Card
T01988;4/04/2024;C197;P049;S004;3;0.1;Mobile Money
T01989;25/12/2023;C109;P042;S004;4;0.1;Credit Card
T01990;10/01/2025;C168;P036;S002;4;0.15;Mobile Money
T01991;17/05/2024;C138;P010;S005;4;0.05;Mobile Money
T01992;7/11/2024;C022;P037;S005;4;0.05;Cash
T01993;15/09/2023;C061;P013;S003;1;0.05;Cash
T01994;7/09/2025;C093;P029;S005;4;0.05;Cash
T01995;4/04/2024;C016;P043;S003;3;0.05;Bank Transfer
T01996;24/10/2023;C118;P034;S002;5;0.15;Credit Card
T01997;29/12/2023;C054;P027;S002;1;0.05;Cash
T01998;5/01/2024;C179;P009;S002;4;0;Mobile Money
T01999;24/04/2024;C096;P020;S001;1;0;Mobile Money
T02000;6/01/2025;C153;P010;S002;1;0.05;Bank Transfer
T02001;7/08/2024;C037;P001;S001;2;0;Cash
T02002;29/12/2024;C146;P038;S004;2;0.05;Mobile Money
T02003;17/09/2023;C191;P048;S002;5;0.1;Mobile Money
T02004;25/06/2025;C106;P039;S003;4;0;Bank Transfer
T02005;6/08/2025;C029;P047;S002;1;0;Credit Card
T02006;13/03/2024;C129;P040;S002;1;0.15;Mobile Money
T02007;13/10/2024;C175;P011;S004;5;0.1;Bank Transfer
T02008;26/03/2024;C182;P024;S002;4;0.05;Bank Transfer
T02009;28/03/2024;C024;P008;S005;4;0.05;Credit Card
T02010;4/04/2025;C103;P025;S005;1;0.05;Mobile Money
T02011;3/10/2024;C048;P003;S005;5;0;Mobile Money
T02012;15/12/2023;C123;P047;S003;4;0.15;Credit Card
T02013;7/04/2024;C014;P016;S003;4;0.05;Bank Transfer
T02014;19/12/2023;C028;P050;S001;1;0.1;Bank Transfer
T02015;11/02/2025;C008;P025;S002;3;0.05;Cash
T02016;20/02/2024;C017;P036;S002;5;0;Bank Transfer
T02017;30/09/2023;C049;P005;S005;2;0;Credit Card
T02018;15/12/2024;C069;P046;S001;5;0;Mobile Money
T02019;8/12/2023;C012;P029;S001;3;0;Bank Transfer
T02020;20/03/2025;C003;P045;S003;3;0.15;Credit Card
T02021;15/11/2023;C081;P017;S004;3;0.05;Cash
T02022;25/02/2024;C085;P047;S004;5;0;Credit Card
T02023;5/07/2024;C007;P005;S005;4;0.15;Cash
T02024;1/12/2023;C075;P028;S002;2;0.15;Cash
T02025;6/10/2024;C161;P021;S001;2;0.05;Credit Card
T02026;8/12/2023;C197;P008;S002;5;0.1;Mobile Money
T02027;12/12/2024;C034;P024;S003;3;0.1;Mobile Money
T02028;1/07/2024;C011;P011;S004;2;0.05;Cash
T02029;30/01/2025;C040;P032;S005;4;0;Cash
T02030;16/02/2025;C037;P025;S003;5;0;Mobile Money
T02031;29/03/2024;C025;P036;S004;3;0.05;Bank Transfer
T02032;31/12/2023;C042;P010;S001;3;0.1;Bank Transfer
T02033;28/03/2024;C023;P025;S001;2;0.15;Bank Transfer
T02034;18/05/2025;C122;P041;S003;4;0.05;Cash
T02035;12/02/2024;C146;P048;S004;1;0.1;Bank Transfer
T02036;20/07/2024;C103;P022;S004;5;0.05;Mobile Money
T02037;23/03/2025;C094;P027;S005;5;0.1;Bank Transfer
T02038;6/05/2025;C022;P022;S004;5;0.15;Bank Transfer
T02039;8/10/2023;C175;P022;S001;5;0;Credit Card
T02040;7/07/2025;C180;P018;S005;1;0.05;Cash
T02041;21/11/2023;C075;P024;S004;2;0.15;Cash
T02042;7/08/2024;C058;P046;S004;4;0;Bank Transfer
T02043;29/09/2024;C120;P015;S004;5;0.15;Cash
T02044;27/03/2025;C022;P013;S002;1;0.15;Mobile Money
T02045;20/09/2024;C052;P044;S004;3;0;Bank Transfer
T02046;11/07/2024;C088;P033;S005;4;0.05;Mobile Money
T02047;13/07/2025;C030;P022;S003;4;0;Credit Card
T02048;3/04/2024;C121;P050;S002;2;0.1;Cash
T02049;24/06/2024;C154;P048;S004;1;0.1;Mobile Money
T02050;2/01/2025;C122;P006;S002;1;0.05;Cash
T02051;5/01/2024;C195;P043;S004;3;0.1;Credit Card
T02052;26/05/2025;C022;P036;S002;1;0.1;Mobile Money
T02053;24/01/2025;C021;P019;S003;4;0.15;Credit Card
T02054;1/12/2024;C172;P035;S003;2;0;Cash
T02055;18/08/2024;C110;P042;S003;3;0.05;Credit Card
T02056;10/12/2024;C090;P026;S004;4;0.15;Credit Card
T02057;9/12/2024;C179;P032;S004;3;0.15;Cash
T02058;3/07/2025;C144;P013;S005;2;0;Credit Card
T02059;10/05/2025;C083;P019;S003;1;0.05;Mobile Money
T02060;5/07/2024;C038;P027;S004;3;0;Mobile Money
T02061;23/12/2023;C068;P040;S005;1;0.15;Credit Card
T02062;3/12/2024;C163;P028;S004;5;0;Cash
T02063;7/08/2024;C056;P042;S002;4;0.05;Mobile Money
T02064;11/02/2024;C056;P045;S003;2;0.05;Cash
T02065;26/06/2025;C095;P007;S003;1;0.1;Bank Transfer
T02066;23/02/2024;C129;P010;S001;4;0.15;Mobile Money
T02067;28/12/2023;C106;P006;S003;3;0.15;Bank Transfer
T02068;14/11/2024;C030;P002;S002;4;0.15;Bank Transfer
T02069;22/07/2025;C046;P041;S005;5;0.05;Mobile Money
T02070;30/03/2025;C098;P013;S003;4;0.1;Cash
T02071;13/04/2024;C023;P004;S001;1;0;Mobile Money
T02072;29/06/2025;C027;P038;S004;5;0;Mobile Money
T02073;11/12/2023;C129;P029;S005;1;0.1;Mobile Money
T02074;23/02/2024;C055;P018;S002;4;0.15;Cash
T02075;6/02/2024;C051;P008;S004;1;0.1;Mobile Money
T02076;4/01/2024;C106;P010;S004;1;0.1;Credit Card
T02077;26/10/2024;C130;P024;S003;3;0.1;Bank Transfer
T02078;15/06/2024;C107;P009;S002;1;0.15;Cash
T02079;3/08/2025;C004;P020;S001;2;0.1;Bank Transfer
T02080;13/05/2025;C086;P012;S002;5;0.15;Credit Card
T02081;26/10/2024;C143;P050;S004;2;0.15;Cash
T02082;16/09/2023;C148;P013;S004;2;0.15;Credit Card
T02083;8/06/2025;C104;P028;S003;5;0.05;Mobile Money
T02084;22/01/2024;C060;P016;S001;2;0;Mobile Money
T02085;7/03/2025;C196;P049;S003;5;0.05;Bank Transfer
T02086;15/02/2024;C053;P042;S001;1;0;Mobile Money
T02087;3/08/2024;C003;P015;S005;2;0;Cash
T02088;18/08/2024;C147;P019;S004;1;0.05;Mobile Money
T02089;31/10/2024;C163;P031;S003;2;0.05;Credit Card
T02090;7/02/2025;C077;P045;S002;5;0.05;Mobile Money
T02091;10/05/2025;C198;P038;S003;1;0.1;Cash
T02092;8/08/2025;C037;P050;S001;5;0;Cash
T02093;20/07/2025;C118;P049;S005;1;0;Credit Card
T02094;17/02/2024;C073;P003;S003;2;0;Cash
T02095;15/07/2024;C127;P011;S003;2;0.15;Cash
T02096;21/05/2025;C126;P030;S001;4;0;Mobile Money
T02097;20/09/2023;C161;P041;S001;2;0.15;Mobile Money
T02098;10/11/2023;C081;P022;S004;2;0.05;Bank Transfer
T02099;11/09/2024;C003;P046;S002;5;0;Cash
T02100;11/12/2024;C088;P008;S003;4;0;Credit Card
T02101;28/03/2025;C134;P015;S003;1;0.05;Cash
T02102;9/01/2024;C138;P009;S001;5;0.05;Credit Card
T02103;9/11/2024;C094;P003;S001;2;0;Bank Transfer
T02104;26/08/2024;C036;P021;S002;1;0.05;Bank Transfer
T02105;14/04/2025;C071;P040;S004;2;0;Bank Transfer
T02106;17/05/2024;C182;P045;S005;3;0.15;Mobile Money
T02107;16/12/2024;C112;P022;S005;4;0.05;Bank Transfer
T02108;24/06/2025;C045;P032;S002;3;0.15;Cash
T02109;29/11/2024;C150;P022;S005;3;0.05;Credit Card
T02110;18/04/2025;C185;P009;S004;4;0.15;Mobile Money
T02111;12/01/2025;C153;P012;S003;3;0;Mobile Money
T02112;22/03/2024;C110;P031;S002;5;0.1;Bank Transfer
T02113;12/04/2025;C162;P008;S001;4;0.05;Cash
T02114;19/11/2023;C131;P034;S003;5;0.15;Bank Transfer
T02115;27/05/2025;C155;P046;S005;3;0.15;Cash
T02116;29/05/2024;C030;P012;S002;3;0.15;Credit Card
T02117;4/05/2025;C092;P008;S002;1;0.05;Bank Transfer
T02118;15/01/2024;C096;P015;S002;3;0;Cash
T02119;7/08/2024;C082;P030;S001;3;0.05;Mobile Money
T02120;17/09/2023;C146;P050;S003;2;0;Mobile Money
T02121;23/10/2023;C073;P042;S005;2;0.05;Cash
T02122;14/04/2024;C144;P038;S003;5;0;Mobile Money
T02123;8/07/2025;C175;P004;S004;3;0.1;Credit Card
T02124;27/10/2024;C051;P015;S001;4;0.15;Cash
T02125;3/02/2024;C071;P018;S004;1;0;Mobile Money
T02126;17/05/2025;C044;P006;S005;3;0.15;Credit Card
T02127;19/04/2025;C148;P015;S001;3;0;Cash
T02128;20/12/2024;C119;P037;S003;2;0.15;Cash
T02129;1/05/2025;C137;P006;S005;1;0.1;Cash
T02130;25/03/2025;C018;P019;S004;1;0.15;Bank Transfer
T02131;26/08/2025;C071;P046;S003;3;0.15;Cash
T02132;15/06/2024;C143;P035;S003;4;0;Mobile Money
T02133;31/10/2024;C077;P036;S004;4;0;Bank Transfer
T02134;7/05/2024;C159;P049;S001;1;0.05;Cash
T02135;29/10/2024;C003;P032;S002;1;0.1;Mobile Money
T02136;7/02/2024;C058;P018;S002;1;0.05;Bank Transfer
T02137;28/06/2024;C138;P020;S001;1;0.1;Cash
T02138;20/01/2024;C029;P037;S001;3;0;Bank Transfer
T02139;25/04/2025;C085;P022;S005;4;0.1;Credit Card
T02140;28/07/2025;C036;P004;S005;4;0;Credit Card
T02141;5/12/2023;C082;P034;S002;5;0.15;Mobile Money
T02142;10/03/2025;C172;P042;S001;5;0.05;Mobile Money
T02143;30/06/2025;C170;P035;S004;3;0.1;Mobile Money
T02144;5/07/2025;C058;P012;S001;3;0.1;Cash
T02145;27/03/2025;C091;P011;S005;2;0.05;Cash
T02146;16/07/2024;C020;P041;S004;1;0.05;Cash
T02147;6/10/2023;C172;P050;S002;4;0.15;Credit Card
T02148;22/06/2025;C125;P017;S001;3;0.05;Bank Transfer
T02149;24/01/2024;C195;P012;S003;4;0.05;Cash
T02150;4/05/2024;C034;P036;S002;3;0.15;Mobile Money
T02151;18/02/2025;C159;P008;S005;2;0.15;Credit Card
T02152;17/11/2024;C018;P016;S003;4;0.05;Bank Transfer
T02153;23/09/2023;C148;P036;S001;2;0.15;Cash
T02154;23/02/2025;C191;P039;S001;2;0;Mobile Money
T02155;27/08/2025;C048;P025;S003;1;0.15;Mobile Money
T02156;18/01/2025;C091;P015;S003;1;0;Bank Transfer
T02157;22/03/2025;C111;P047;S002;2;0.15;Mobile Money
T02158;21/12/2024;C131;P049;S003;1;0.15;Bank Transfer
T02159;15/06/2025;C095;P048;S001;1;0.15;Mobile Money
T02160;27/11/2023;C050;P050;S003;2;0.15;Credit Card
T02161;16/10/2024;C153;P024;S003;5;0.15;Mobile Money
T02162;20/08/2025;C028;P025;S001;2;0;Credit Card
T02163;3/12/2024;C030;P017;S001;1;0.1;Credit Card
T02164;4/01/2024;C017;P001;S005;1;0.1;Credit Card
T02165;3/01/2025;C159;P013;S004;4;0.15;Cash
T02166;11/06/2025;C057;P011;S003;4;0.05;Credit Card
T02167;11/03/2024;C053;P031;S003;3;0.1;Cash
T02168;4/07/2024;C025;P005;S002;5;0.15;Bank Transfer
T02169;2/11/2023;C177;P048;S002;2;0.1;Cash
T02170;27/07/2024;C043;P034;S002;3;0.15;Credit Card
T02171;28/01/2025;C004;P028;S004;4;0.1;Cash
T02172;25/05/2024;C046;P019;S003;1;0.05;Cash
T02173;27/10/2024;C153;P024;S003;4;0;Mobile Money
T02174;3/07/2025;C064;P004;S004;1;0;Cash
T02175;6/06/2024;C146;P011;S003;2;0.05;Credit Card
T02176;29/03/2025;C199;P030;S001;1;0.1;Bank Transfer
T02177;29/05/2025;C116;P046;S004;3;0.1;Mobile Money
T02178;18/08/2024;C065;P030;S003;4;0;Bank Transfer
T02179;27/10/2023;C078;P019;S003;5;0.15;Cash
T02180;25/02/2025;C070;P023;S005;1;0.05;Mobile Money
T02181;18/12/2023;C057;P039;S002;3;0.15;Cash
T02182;7/11/2023;C063;P028;S005;4;0.1;Credit Card
T02183;17/08/2024;C191;P001;S001;2;0.15;Cash
T02184;1/01/2024;C071;P047;S005;4;0.05;Bank Transfer
T02185;10/06/2025;C174;P006;S003;3;0.15;Mobile Money
T02186;13/12/2023;C071;P033;S003;2;0;Bank Transfer
T02187;9/05/2025;C157;P005;S001;4;0.15;Bank Transfer
T02188;3/09/2025;C074;P014;S001;1;0.15;Credit Card
T02189;27/10/2023;C120;P044;S002;5;0.1;Credit Card
T02190;16/12/2024;C078;P029;S004;3;0;Bank Transfer
T02191;15/04/2025;C004;P044;S004;1;0.05;Bank Transfer
T02192;31/12/2024;C152;P012;S001;1;0.15;Bank Transfer
T02193;1/02/2024;C002;P039;S004;3;0;Cash
T02194;11/06/2024;C065;P007;S002;3;0.1;Credit Card
T02195;23/06/2024;C023;P032;S003;2;0.05;Mobile Money
T02196;11/03/2025;C150;P010;S001;3;0.05;Cash
T02197;27/10/2023;C122;P014;S003;2;0.15;Mobile Money
T02198;19/03/2024;C103;P037;S001;3;0.1;Bank Transfer
T02199;3/09/2024;C045;P022;S005;4;0.1;Credit Card
T02200;29/03/2024;C175;P041;S002;3;0.05;Mobile Money
T02201;28/09/2024;C142;P041;S002;3;0.1;Cash
T02202;23/06/2025;C077;P040;S005;4;0.05;Mobile Money
T02203;16/02/2024;C112;P019;S001;2;0.15;Bank Transfer
T02204;6/03/2024;C129;P049;S003;4;0.1;Mobile Money
T02205;25/09/2024;C120;P042;S004;4;0.15;Cash
T02206;22/03/2025;C144;P040;S001;4;0;Credit Card
T02207;26/02/2024;C158;P043;S003;2;0.1;Credit Card
T02208;9/08/2025;C159;P027;S005;5;0.1;Cash
T02209;3/02/2024;C194;P028;S004;2;0.15;Cash
T02210;6/10/2024;C119;P004;S005;4;0;Cash
T02211;18/04/2024;C015;P011;S003;1;0.1;Cash
T02212;8/07/2025;C075;P012;S005;4;0.1;Cash
T02213;10/01/2025;C032;P039;S005;5;0;Credit Card
T02214;4/07/2024;C133;P020;S002;5;0.15;Credit Card
T02215;20/01/2025;C058;P014;S002;3;0.1;Cash
T02216;14/12/2024;C125;P010;S005;2;0;Cash
T02217;26/12/2024;C001;P005;S002;5;0;Cash
T02218;18/11/2023;C064;P021;S002;1;0.15;Cash
T02219;22/11/2024;C130;P040;S004;4;0;Cash
T02220;22/09/2023;C077;P037;S004;4;0.05;Credit Card
T02221;20/06/2024;C140;P045;S003;5;0.15;Cash
T02222;29/03/2024;C111;P029;S002;1;0.05;Credit Card
T02223;19/09/2023;C191;P022;S002;2;0.05;Mobile Money
T02224;22/06/2025;C123;P023;S003;3;0;Mobile Money
T02225;10/10/2023;C095;P042;S003;4;0.15;Cash
T02226;26/08/2024;C119;P002;S004;4;0.05;Cash
T02227;6/11/2023;C073;P050;S004;1;0.15;Cash
T02228;15/08/2025;C149;P025;S003;1;0.15;Cash
T02229;20/08/2025;C091;P043;S002;4;0.15;Bank Transfer
T02230;19/10/2023;C003;P040;S002;3;0.05;Bank Transfer
T02231;30/03/2024;C181;P020;S005;4;0;Credit Card
T02232;21/03/2025;C168;P026;S002;3;0.1;Mobile Money
T02233;24/01/2025;C184;P029;S002;3;0.1;Mobile Money
T02234;12/01/2024;C018;P001;S004;4;0.15;Credit Card
T02235;26/09/2023;C148;P048;S005;5;0.1;Credit Card
T02236;23/03/2024;C179;P020;S003;5;0.1;Mobile Money
T02237;19/08/2024;C018;P048;S001;1;0.05;Credit Card
T02238;9/09/2024;C025;P050;S001;4;0.15;Bank Transfer
T02239;22/07/2025;C195;P009;S002;2;0;Credit Card
T02240;21/02/2025;C187;P019;S004;4;0;Cash
T02241;24/08/2024;C157;P042;S003;1;0;Cash
T02242;2/08/2024;C114;P029;S003;5;0;Credit Card
T02243;18/04/2024;C083;P025;S001;4;0.15;Credit Card
T02244;30/05/2024;C164;P010;S005;5;0.05;Credit Card
T02245;8/11/2024;C065;P017;S004;4;0.1;Credit Card
T02246;20/11/2023;C052;P008;S002;4;0.05;Cash
T02247;13/12/2023;C150;P040;S001;1;0.05;Cash
T02248;25/10/2024;C036;P012;S001;3;0.15;Cash
T02249;15/09/2023;C088;P035;S002;5;0.15;Credit Card
T02250;7/04/2025;C054;P016;S005;4;0.1;Bank Transfer
T02251;21/03/2025;C159;P008;S005;2;0;Mobile Money
T02252;23/11/2023;C110;P016;S004;1;0;Credit Card
T02253;22/11/2024;C133;P031;S003;1;0;Mobile Money
T02254;9/09/2024;C060;P034;S001;5;0.1;Cash
T02255;19/01/2024;C058;P036;S003;3;0.15;Bank Transfer
T02256;24/05/2025;C018;P040;S002;3;0;Credit Card
T02257;5/06/2024;C133;P041;S005;5;0.1;Mobile Money
T02258;27/11/2024;C159;P031;S001;5;0;Mobile Money
T02259;22/11/2024;C068;P038;S001;1;0.1;Mobile Money
T02260;23/01/2024;C067;P015;S002;3;0;Credit Card
T02261;16/01/2025;C053;P038;S005;3;0;Credit Card
T02262;24/04/2025;C127;P046;S001;5;0;Bank Transfer
T02263;3/11/2023;C019;P009;S004;5;0;Mobile Money
T02264;7/08/2024;C034;P044;S003;1;0;Cash
T02265;11/03/2025;C128;P049;S005;2;0.1;Mobile Money
T02266;24/03/2024;C123;P007;S003;2;0;Cash
T02267;12/06/2025;C007;P017;S002;5;0.15;Cash
T02268;18/03/2024;C142;P009;S004;1;0.15;Mobile Money
T02269;29/04/2025;C179;P003;S002;4;0.15;Credit Card
T02270;1/02/2025;C030;P010;S004;1;0.1;Bank Transfer
T02271;25/05/2024;C050;P017;S003;4;0;Credit Card
T02272;22/05/2025;C060;P050;S001;5;0;Credit Card
T02273;6/04/2025;C106;P037;S005;5;0;Cash
T02274;24/03/2025;C185;P026;S002;1;0;Cash
T02275;8/01/2024;C033;P016;S004;2;0.1;Cash
T02276;17/08/2024;C081;P024;S003;5;0.05;Bank Transfer
T02277;23/10/2023;C034;P003;S005;4;0.15;Cash
T02278;8/06/2024;C169;P043;S001;1;0.1;Credit Card
T02279;25/03/2025;C127;P047;S003;2;0.15;Bank Transfer
T02280;16/03/2025;C094;P023;S005;3;0.05;Bank Transfer
T02281;9/04/2024;C082;P044;S005;5;0;Cash
T02282;13/09/2023;C089;P042;S004;5;0.15;Bank Transfer
T02283;20/01/2024;C021;P004;S002;2;0.05;Bank Transfer
T02284;30/01/2025;C190;P016;S005;2;0;Bank Transfer
T02285;29/04/2024;C186;P027;S002;1;0.05;Mobile Money
T02286;7/12/2023;C167;P033;S004;1;0;Mobile Money
T02287;26/07/2025;C009;P001;S003;3;0.15;Bank Transfer
T02288;28/09/2024;C022;P011;S001;3;0.15;Mobile Money
T02289;24/06/2024;C005;P010;S004;4;0.15;Cash
T02290;28/08/2024;C058;P038;S002;4;0.05;Mobile Money
T02291;14/10/2023;C137;P013;S001;3;0;Bank Transfer
T02292;20/12/2023;C007;P023;S005;3;0.1;Credit Card
T02293;2/11/2024;C194;P001;S001;3;0.15;Mobile Money
T02294;29/11/2023;C187;P018;S001;1;0.15;Bank Transfer
T02295;17/02/2025;C137;P019;S004;4;0.1;Credit Card
T02296;6/05/2024;C098;P021;S004;2;0.05;Cash
T02297;31/10/2023;C072;P041;S003;1;0.05;Bank Transfer
T02298;13/11/2023;C087;P038;S005;4;0;Bank Transfer
T02299;23/06/2025;C093;P047;S003;3;0;Cash
T02300;23/06/2025;C079;P027;S005;3;0.1;Credit Card
T02301;21/04/2025;C114;P045;S004;1;0.15;Cash
T02302;25/02/2025;C120;P037;S001;3;0.15;Credit Card
T02303;9/01/2025;C105;P027;S001;5;0;Bank Transfer
T02304;23/08/2025;C157;P003;S005;3;0;Mobile Money
T02305;12/10/2023;C047;P015;S003;3;0.1;Mobile Money
T02306;26/10/2023;C033;P033;S002;2;0.05;Cash
T02307;25/10/2023;C060;P013;S001;1;0.05;Mobile Money
T02308;26/08/2025;C149;P028;S003;1;0.05;Cash
T02309;24/10/2023;C183;P040;S003;3;0;Bank Transfer
T02310;3/08/2024;C139;P013;S001;5;0.05;Bank Transfer
T02311;25/05/2024;C028;P021;S001;5;0.15;Cash
T02312;21/11/2024;C131;P035;S001;2;0.05;Bank Transfer
T02313;28/06/2024;C147;P005;S003;4;0;Mobile Money
T02314;12/03/2024;C073;P027;S002;1;0.1;Bank Transfer
T02315;24/10/2023;C086;P036;S004;3;0.15;Bank Transfer
T02316;20/10/2023;C160;P014;S001;2;0.1;Cash
T02317;23/04/2025;C075;P021;S002;5;0;Cash
T02318;10/11/2024;C156;P001;S002;3;0.1;Credit Card
T02319;22/10/2023;C097;P020;S005;1;0.05;Mobile Money
T02320;13/11/2023;C196;P007;S001;1;0.05;Mobile Money
T02321;28/07/2024;C138;P049;S001;5;0;Mobile Money
T02322;14/04/2024;C169;P015;S005;5;0.15;Bank Transfer
T02323;26/03/2024;C069;P046;S002;5;0.1;Credit Card
T02324;10/03/2024;C085;P014;S002;3;0.05;Mobile Money
T02325;8/09/2024;C081;P003;S001;2;0.15;Mobile Money
T02326;24/10/2023;C093;P040;S001;3;0;Bank Transfer
T02327;31/08/2024;C168;P036;S004;5;0.05;Mobile Money
T02328;28/02/2025;C108;P022;S002;5;0.05;Credit Card
T02329;10/04/2024;C199;P043;S004;5;0.05;Bank Transfer
T02330;5/05/2024;C074;P046;S003;3;0;Cash
T02331;6/12/2024;C105;P032;S004;5;0.05;Mobile Money
T02332;29/07/2025;C162;P048;S002;2;0.15;Cash
T02333;18/07/2025;C043;P037;S001;4;0.1;Mobile Money
T02334;18/10/2023;C191;P038;S001;2;0;Mobile Money
T02335;21/08/2025;C007;P039;S002;1;0.05;Mobile Money
T02336;18/02/2024;C109;P023;S003;2;0.15;Credit Card
T02337;12/11/2024;C183;P039;S003;1;0.1;Bank Transfer
T02338;13/01/2025;C152;P047;S005;5;0;Cash
T02339;6/06/2024;C019;P032;S003;4;0.15;Mobile Money
T02340;27/04/2024;C190;P005;S004;3;0.15;Credit Card
T02341;31/01/2024;C188;P016;S002;5;0;Credit Card
T02342;29/06/2025;C002;P028;S005;5;0.1;Mobile Money
T02343;10/03/2024;C098;P044;S003;4;0.05;Bank Transfer
T02344;7/08/2025;C198;P030;S001;2;0.1;Mobile Money
T02345;11/03/2025;C088;P022;S001;5;0.15;Bank Transfer
T02346;12/04/2024;C083;P013;S004;3;0.05;Credit Card
T02347;13/05/2025;C011;P033;S002;4;0.1;Bank Transfer
T02348;27/06/2024;C026;P047;S003;3;0.05;Cash
T02349;7/07/2025;C074;P009;S003;4;0.15;Credit Card
T02350;16/05/2025;C044;P025;S003;3;0;Credit Card
T02351;16/06/2024;C171;P017;S003;2;0;Credit Card
T02352;14/06/2025;C142;P002;S005;2;0;Cash
T02353;7/04/2024;C139;P014;S005;2;0;Mobile Money
T02354;22/12/2024;C007;P039;S003;2;0.1;Mobile Money
T02355;3/05/2024;C188;P011;S004;5;0.05;Mobile Money
T02356;25/12/2023;C076;P011;S001;1;0.15;Mobile Money
T02357;20/12/2023;C127;P033;S003;1;0.05;Bank Transfer
T02358;22/07/2025;C188;P036;S001;3;0;Credit Card
T02359;5/11/2024;C187;P021;S001;3;0.05;Bank Transfer
T02360;22/07/2025;C071;P037;S004;5;0;Bank Transfer
T02361;14/03/2025;C010;P012;S004;1;0.1;Credit Card
T02362;19/09/2024;C143;P033;S001;1;0.05;Credit Card
T02363;11/04/2024;C151;P041;S004;2;0.05;Bank Transfer
T02364;5/06/2024;C121;P010;S002;4;0.05;Mobile Money
T02365;14/05/2024;C073;P037;S002;2;0;Credit Card
T02366;22/05/2024;C001;P019;S004;1;0.15;Credit Card
T02367;31/03/2025;C182;P013;S002;1;0.15;Bank Transfer
T02368;7/02/2024;C158;P048;S004;5;0.05;Bank Transfer
T02369;24/09/2023;C124;P021;S005;2;0.1;Credit Card
T02370;30/12/2023;C075;P020;S004;4;0.15;Bank Transfer
T02371;7/11/2023;C140;P016;S004;3;0;Credit Card
T02372;14/02/2024;C029;P023;S003;4;0.15;Bank Transfer
T02373;24/10/2023;C064;P014;S004;1;0.05;Mobile Money
T02374;20/02/2025;C082;P040;S001;3;0.15;Credit Card
T02375;17/07/2025;C199;P003;S004;4;0.15;Credit Card
T02376;1/02/2025;C008;P040;S003;3;0.05;Mobile Money
T02377;26/04/2025;C016;P047;S005;3;0.1;Bank Transfer
T02378;18/05/2025;C106;P020;S004;4;0.15;Mobile Money
T02379;12/02/2024;C067;P028;S001;3;0.15;Credit Card
T02380;1/12/2023;C087;P024;S001;3;0.15;Mobile Money
T02381;18/12/2023;C057;P007;S005;2;0.05;Cash
T02382;8/06/2025;C158;P035;S005;3;0.05;Cash
T02383;22/11/2024;C185;P034;S001;4;0;Bank Transfer
T02384;12/05/2024;C091;P049;S005;1;0;Credit Card
T02385;20/06/2025;C093;P042;S005;2;0.05;Mobile Money
T02386;3/09/2025;C184;P047;S002;3;0.05;Bank Transfer
T02387;25/07/2024;C085;P029;S004;2;0.05;Cash
T02388;5/10/2023;C010;P050;S001;5;0;Mobile Money
T02389;7/04/2024;C125;P017;S001;2;0.1;Bank Transfer
T02390;26/08/2025;C007;P014;S002;2;0;Bank Transfer
T02391;30/11/2024;C192;P017;S001;4;0.15;Credit Card
T02392;10/04/2025;C190;P031;S003;1;0;Cash
T02393;22/01/2024;C130;P030;S004;1;0;Credit Card
T02394;4/07/2024;C025;P034;S005;4;0.05;Bank Transfer
T02395;22/06/2024;C083;P048;S004;5;0;Bank Transfer
T02396;19/04/2025;C071;P015;S004;2;0;Bank Transfer
T02397;22/07/2025;C168;P039;S005;4;0.15;Bank Transfer
T02398;30/05/2024;C110;P021;S001;2;0.15;Bank Transfer
T02399;23/06/2024;C124;P039;S003;5;0.05;Mobile Money
T02400;8/03/2025;C005;P038;S004;4;0.1;Cash
T02401;2/01/2024;C116;P015;S002;5;0;Mobile Money
T02402;27/01/2025;C198;P032;S002;4;0.1;Mobile Money
T02403;6/05/2025;C145;P041;S001;3;0.1;Credit Card
T02404;20/05/2024;C162;P014;S001;1;0.05;Credit Card
T02405;5/09/2025;C126;P022;S005;2;0;Credit Card
T02406;16/09/2023;C104;P042;S005;4;0.05;Cash
T02407;20/10/2024;C197;P012;S004;3;0.15;Bank Transfer
T02408;31/03/2025;C190;P050;S003;2;0;Bank Transfer
T02409;3/07/2024;C177;P033;S005;5;0.15;Cash
T02410;9/01/2025;C069;P002;S002;5;0.15;Mobile Money
T02411;22/09/2023;C081;P049;S002;3;0.15;Mobile Money
T02412;4/04/2025;C132;P014;S005;1;0;Mobile Money
T02413;18/04/2025;C180;P027;S001;4;0.05;Cash
T02414;18/03/2025;C042;P013;S005;1;0.05;Credit Card
T02415;16/08/2025;C113;P045;S001;1;0.15;Mobile Money
T02416;10/09/2024;C044;P021;S005;4;0.05;Mobile Money
T02417;9/08/2024;C103;P050;S001;3;0;Mobile Money
T02418;11/11/2023;C076;P045;S003;5;0.1;Bank Transfer
T02419;24/08/2025;C145;P037;S002;2;0.1;Credit Card
T02420;2/02/2024;C158;P011;S003;5;0.1;Mobile Money
T02421;16/07/2025;C119;P011;S002;3;0.05;Credit Card
T02422;27/06/2025;C135;P006;S004;1;0.1;Mobile Money
T02423;1/09/2025;C046;P044;S002;4;0;Cash
T02424;6/03/2025;C080;P041;S002;2;0;Mobile Money
T02425;23/01/2025;C085;P009;S001;1;0.15;Credit Card
T02426;28/07/2024;C018;P050;S003;5;0.05;Bank Transfer
T02427;10/05/2025;C161;P011;S001;2;0.1;Bank Transfer
T02428;24/04/2025;C110;P032;S005;3;0.1;Mobile Money
T02429;10/09/2023;C066;P012;S005;5;0.05;Cash
T02430;9/11/2023;C152;P033;S002;1;0.05;Bank Transfer
T02431;21/03/2024;C046;P028;S003;5;0;Credit Card
T02432;29/09/2024;C134;P004;S005;4;0.1;Bank Transfer
T02433;14/03/2024;C189;P017;S005;4;0.05;Credit Card
T02434;8/11/2024;C001;P018;S002;2;0;Credit Card
T02435;26/03/2025;C037;P033;S002;4;0;Bank Transfer
T02436;7/06/2025;C020;P001;S001;2;0.15;Mobile Money
T02437;22/08/2025;C171;P002;S004;3;0.1;Cash
T02438;27/06/2025;C062;P031;S005;4;0.15;Mobile Money
T02439;18/10/2023;C181;P003;S004;3;0.1;Bank Transfer
T02440;11/03/2025;C136;P045;S001;5;0.05;Credit Card
T02441;2/09/2025;C163;P047;S003;2;0.15;Mobile Money
T02442;18/11/2023;C126;P020;S003;1;0.15;Bank Transfer
T02443;15/02/2024;C046;P028;S001;3;0.15;Bank Transfer
T02444;21/04/2025;C187;P030;S004;2;0.05;Mobile Money
T02445;9/02/2024;C096;P049;S002;1;0.05;Mobile Money
T02446;15/10/2023;C093;P041;S005;2;0;Bank Transfer
T02447;22/07/2024;C085;P011;S001;3;0.1;Cash
T02448;19/08/2024;C156;P039;S003;1;0.1;Mobile Money
T02449;20/04/2025;C102;P004;S001;3;0.1;Cash
T02450;21/10/2023;C147;P009;S001;4;0.15;Mobile Money
T02451;12/10/2024;C045;P049;S004;5;0;Cash
T02452;22/03/2025;C095;P005;S001;5;0.05;Credit Card
T02453;30/06/2025;C034;P021;S001;4;0;Cash
T02454;17/04/2025;C114;P026;S001;3;0;Bank Transfer
T02455;5/07/2024;C050;P048;S005;1;0.1;Bank Transfer
T02456;11/10/2023;C182;P021;S002;5;0.1;Cash
T02457;11/07/2024;C171;P029;S004;4;0;Cash
T02458;28/04/2025;C050;P038;S005;2;0.1;Cash
T02459;14/12/2023;C045;P020;S004;1;0.1;Credit Card
T02460;27/07/2024;C177;P006;S005;4;0.05;Cash
T02461;4/07/2024;C080;P028;S003;5;0.1;Cash
T02462;11/06/2025;C088;P012;S004;5;0;Mobile Money
T02463;9/12/2023;C023;P029;S001;1;0.05;Cash
T02464;28/02/2024;C048;P025;S003;5;0;Credit Card
T02465;12/06/2024;C003;P017;S002;3;0.15;Cash
T02466;28/10/2024;C186;P049;S002;3;0.05;Credit Card
T02467;14/02/2025;C080;P009;S001;4;0.1;Credit Card
T02468;1/04/2024;C072;P049;S002;5;0.1;Mobile Money
T02469;2/08/2024;C058;P012;S002;3;0.05;Credit Card
T02470;15/11/2024;C076;P042;S003;4;0.1;Cash
T02471;26/10/2023;C126;P001;S003;5;0.1;Bank Transfer
T02472;7/07/2024;C198;P008;S005;4;0.05;Cash
T02473;7/09/2024;C150;P021;S004;2;0.05;Mobile Money
T02474;4/06/2024;C089;P039;S003;2;0.1;Bank Transfer
T02475;24/12/2024;C024;P001;S005;2;0.1;Credit Card
T02476;29/10/2024;C120;P042;S003;1;0;Credit Card
T02477;29/04/2025;C122;P012;S002;4;0.1;Bank Transfer
T02478;1/07/2025;C145;P018;S004;5;0;Bank Transfer
T02479;14/09/2023;C180;P020;S001;3;0;Credit Card
T02480;17/10/2024;C108;P028;S004;3;0.1;Cash
T02481;7/05/2024;C048;P040;S003;3;0.05;Mobile Money
T02482;23/08/2025;C140;P013;S002;1;0.15;Mobile Money
T02483;6/01/2025;C152;P032;S005;4;0.15;Mobile Money
T02484;31/10/2023;C063;P022;S003;3;0.1;Mobile Money
T02485;23/04/2025;C174;P048;S004;3;0;Credit Card
T02486;1/11/2023;C196;P006;S005;1;0.15;Mobile Money
T02487;21/10/2024;C199;P018;S003;5;0.15;Cash
T02488;16/10/2024;C042;P023;S005;2;0.1;Credit Card
T02489;2/03/2024;C146;P023;S002;2;0.1;Cash
T02490;14/09/2024;C024;P040;S003;2;0.1;Mobile Money
T02491;30/01/2024;C102;P033;S002;4;0;Credit Card
T02492;24/02/2025;C052;P030;S002;3;0.1;Cash
T02493;6/05/2024;C048;P022;S002;2;0.15;Cash
T02494;18/02/2024;C186;P049;S002;2;0.1;Cash
T02495;21/02/2024;C123;P043;S002;3;0;Mobile Money
T02496;9/09/2025;C141;P040;S004;2;0.15;Mobile Money
T02497;23/05/2024;C119;P018;S002;1;0.15;Credit Card
T02498;12/07/2025;C082;P014;S002;4;0.1;Bank Transfer
T02499;23/01/2025;C173;P036;S004;5;0.15;Cash
T02500;11/11/2023;C089;P032;S004;5;0;Credit Card
T02501;7/03/2025;C156;P010;S002;2;0.1;Bank Transfer
T02502;25/02/2024;C088;P001;S005;1;0.15;Cash
T02503;13/01/2025;C166;P047;S002;2;0.15;Credit Card
T02504;10/02/2025;C012;P013;S002;3;0.15;Cash
T02505;17/01/2024;C087;P029;S004;2;0.15;Credit Card
T02506;7/03/2025;C073;P024;S003;4;0.15;Cash
T02507;17/03/2025;C067;P019;S004;2;0.05;Mobile Money
T02508;17/03/2024;C175;P006;S005;1;0.15;Cash
T02509;27/05/2025;C089;P019;S001;4;0;Credit Card
T02510;7/06/2024;C082;P038;S002;5;0.15;Mobile Money
T02511;14/09/2023;C003;P034;S004;4;0.15;Cash
T02512;14/10/2023;C078;P040;S004;3;0;Mobile Money
T02513;3/10/2024;C129;P025;S003;4;0.1;Bank Transfer
T02514;7/09/2024;C029;P038;S002;4;0.15;Cash
T02515;3/08/2024;C039;P035;S001;3;0.1;Credit Card
T02516;1/11/2023;C132;P044;S005;4;0.15;Cash
T02517;18/01/2025;C119;P023;S003;1;0;Mobile Money
T02518;5/07/2025;C118;P049;S003;1;0.1;Bank Transfer
T02519;29/12/2024;C109;P023;S003;3;0;Bank Transfer
T02520;5/06/2025;C046;P006;S003;3;0.15;Cash
T02521;15/09/2024;C115;P026;S003;3;0;Cash
T02522;21/10/2023;C092;P024;S001;5;0.15;Credit Card
T02523;10/05/2025;C045;P032;S001;5;0;Credit Card
T02524;20/03/2025;C187;P010;S002;4;0.15;Bank Transfer
T02525;26/08/2025;C089;P003;S004;5;0.05;Mobile Money
T02526;6/04/2024;C011;P019;S001;3;0.1;Cash
T02527;17/05/2025;C038;P046;S005;1;0.15;Cash
T02528;17/04/2025;C087;P004;S003;4;0.15;Cash
T02529;12/01/2024;C048;P034;S003;1;0.15;Cash
T02530;24/05/2025;C050;P038;S005;3;0.1;Credit Card
T02531;22/06/2025;C178;P001;S001;3;0.15;Credit Card
T02532;12/06/2024;C195;P048;S004;3;0.05;Bank Transfer
T02533;15/04/2024;C129;P037;S001;5;0.15;Credit Card
T02534;1/05/2025;C174;P028;S003;3;0;Mobile Money
T02535;23/08/2025;C054;P012;S001;4;0.05;Bank Transfer
T02536;13/05/2024;C069;P038;S004;5;0.1;Cash
T02537;30/06/2025;C057;P006;S002;1;0.1;Credit Card
T02538;29/09/2024;C017;P016;S005;3;0.15;Mobile Money
T02539;22/08/2025;C163;P022;S005;3;0.15;Mobile Money
T02540;3/09/2025;C143;P027;S001;3;0.1;Bank Transfer
T02541;3/09/2024;C089;P041;S004;2;0.15;Mobile Money
T02542;2/11/2024;C054;P016;S005;2;0.15;Bank Transfer
T02543;26/10/2023;C104;P019;S001;5;0;Mobile Money
T02544;16/01/2025;C144;P004;S003;1;0.05;Bank Transfer
T02545;13/12/2024;C078;P026;S003;3;0.15;Mobile Money
T02546;26/07/2024;C008;P040;S002;5;0.05;Bank Transfer
T02547;13/11/2024;C145;P030;S004;4;0;Bank Transfer
T02548;18/10/2024;C143;P039;S004;2;0.15;Credit Card
T02549;25/05/2025;C097;P049;S005;1;0;Mobile Money
T02550;4/10/2023;C056;P014;S002;1;0.1;Credit Card
T02551;9/06/2024;C041;P045;S004;5;0.15;Bank Transfer
T02552;11/09/2024;C193;P049;S002;4;0.1;Bank Transfer
T02553;7/07/2024;C198;P034;S003;1;0.1;Mobile Money
T02554;18/07/2024;C058;P004;S004;4;0.15;Bank Transfer
T02555;18/11/2023;C116;P005;S002;2;0.15;Bank Transfer
T02556;26/07/2024;C001;P031;S005;3;0.15;Credit Card
T02557;25/04/2025;C175;P002;S001;4;0.15;Mobile Money
T02558;11/04/2025;C106;P045;S002;1;0.05;Credit Card
T02559;5/04/2024;C157;P047;S005;5;0;Mobile Money
T02560;18/08/2025;C006;P045;S003;5;0.05;Credit Card
T02561;13/02/2025;C146;P032;S004;1;0.1;Cash
T02562;11/12/2023;C191;P001;S005;4;0.05;Credit Card
T02563;29/07/2025;C118;P038;S003;2;0.05;Mobile Money
T02564;31/03/2024;C183;P005;S002;3;0.05;Bank Transfer
T02565;31/08/2025;C017;P006;S001;2;0.15;Mobile Money
T02566;22/09/2023;C063;P021;S005;4;0.05;Credit Card
T02567;31/05/2025;C119;P028;S005;1;0.1;Credit Card
T02568;15/04/2025;C063;P050;S004;1;0;Cash
T02569;22/07/2025;C175;P024;S004;5;0.15;Mobile Money
T02570;14/06/2024;C019;P014;S004;3;0;Cash
T02571;4/08/2024;C113;P045;S004;1;0.1;Mobile Money
T02572;19/02/2024;C186;P009;S001;3;0.15;Mobile Money
T02573;4/01/2025;C110;P009;S001;1;0.05;Bank Transfer
T02574;14/03/2025;C195;P004;S005;1;0.05;Bank Transfer
T02575;10/06/2025;C106;P013;S003;2;0.05;Mobile Money
T02576;18/08/2025;C054;P036;S003;1;0.1;Cash
T02577;5/07/2024;C118;P029;S004;2;0.1;Bank Transfer
T02578;25/03/2024;C076;P028;S004;3;0.15;Bank Transfer
T02579;13/10/2024;C146;P002;S003;5;0;Credit Card
T02580;4/12/2024;C038;P001;S005;3;0;Credit Card
T02581;14/02/2025;C095;P036;S005;3;0.1;Bank Transfer
T02582;4/07/2024;C184;P030;S002;5;0.1;Mobile Money
T02583;13/08/2025;C183;P002;S004;3;0.05;Credit Card
T02584;4/10/2024;C038;P028;S005;3;0.15;Bank Transfer
T02585;8/09/2024;C164;P036;S002;1;0.05;Bank Transfer
T02586;14/11/2023;C038;P044;S005;1;0.1;Bank Transfer
T02587;28/07/2025;C185;P044;S005;5;0.15;Mobile Money
T02588;28/12/2023;C159;P024;S002;3;0.05;Bank Transfer
T02589;29/06/2025;C134;P017;S003;4;0.15;Credit Card
T02590;13/11/2023;C135;P050;S004;2;0.15;Mobile Money
T02591;9/05/2025;C004;P039;S001;3;0.05;Bank Transfer
T02592;11/02/2024;C053;P006;S002;2;0.1;Cash
T02593;20/08/2024;C167;P035;S002;3;0.15;Mobile Money
T02594;26/05/2024;C146;P012;S001;5;0.05;Credit Card
T02595;24/03/2025;C094;P030;S001;4;0;Bank Transfer
T02596;11/03/2024;C130;P029;S001;3;0;Cash
T02597;13/08/2025;C115;P006;S005;5;0.05;Credit Card
T02598;25/08/2025;C066;P030;S002;2;0.05;Mobile Money
T02599;17/05/2025;C046;P034;S001;5;0.1;Bank Transfer
T02600;11/02/2024;C024;P035;S002;1;0.05;Bank Transfer
T02601;13/07/2025;C016;P028;S002;2;0.05;Mobile Money
T02602;2/10/2023;C119;P043;S001;5;0;Bank Transfer
T02603;23/03/2025;C163;P032;S001;2;0.15;Cash
T02604;15/01/2024;C114;P005;S001;4;0.05;Cash
T02605;12/10/2024;C139;P019;S005;2;0.15;Bank Transfer
T02606;14/07/2024;C146;P040;S001;5;0.15;Cash
T02607;1/12/2024;C185;P034;S004;2;0.15;Cash
T02608;4/11/2024;C065;P037;S004;5;0.1;Mobile Money
T02609;13/12/2023;C162;P049;S002;3;0.15;Bank Transfer
T02610;8/02/2025;C166;P032;S003;3;0.05;Bank Transfer
T02611;6/01/2024;C071;P039;S005;5;0.1;Mobile Money
T02612;26/02/2025;C029;P034;S002;4;0;Bank Transfer
T02613;5/05/2024;C131;P002;S004;4;0.05;Credit Card
T02614;7/05/2024;C017;P043;S004;3;0;Mobile Money
T02615;15/08/2024;C088;P011;S005;2;0.05;Cash
T02616;22/12/2024;C196;P050;S002;2;0.1;Bank Transfer
T02617;3/06/2025;C082;P022;S005;4;0;Bank Transfer
T02618;29/12/2024;C157;P004;S002;5;0.05;Bank Transfer
T02619;22/09/2023;C041;P014;S002;4;0.05;Credit Card
T02620;30/07/2024;C157;P046;S002;3;0.15;Mobile Money
T02621;6/09/2025;C200;P045;S003;2;0.1;Mobile Money
T02622;24/09/2024;C078;P008;S003;2;0.1;Bank Transfer
T02623;1/07/2025;C187;P013;S003;3;0.15;Bank Transfer
T02624;15/08/2025;C109;P030;S005;4;0.15;Cash
T02625;28/05/2024;C196;P005;S004;1;0.15;Bank Transfer
T02626;4/05/2025;C166;P034;S002;4;0.1;Cash
T02627;31/08/2024;C181;P046;S002;2;0.1;Bank Transfer
T02628;3/06/2024;C096;P030;S001;3;0.15;Mobile Money
T02629;21/06/2024;C084;P026;S005;5;0.05;Credit Card
T02630;19/02/2025;C159;P037;S005;4;0.1;Cash
T02631;18/05/2024;C020;P006;S002;2;0.1;Mobile Money
T02632;18/11/2024;C185;P007;S005;4;0;Mobile Money
T02633;16/10/2024;C177;P009;S004;2;0.1;Mobile Money
T02634;25/11/2023;C016;P027;S001;1;0.1;Bank Transfer
T02635;12/06/2024;C138;P034;S003;4;0.1;Cash
T02636;5/10/2023;C121;P034;S002;1;0.1;Mobile Money
T02637;8/04/2024;C039;P027;S002;5;0.1;Credit Card
T02638;24/08/2025;C144;P050;S001;4;0.05;Bank Transfer
T02639;9/10/2024;C147;P014;S005;3;0.1;Cash
T02640;16/09/2023;C036;P024;S001;3;0.1;Mobile Money
T02641;15/03/2025;C192;P008;S002;2;0.1;Mobile Money
T02642;26/11/2024;C059;P018;S004;3;0.1;Credit Card
T02643;26/11/2024;C174;P031;S003;3;0;Credit Card
T02644;26/04/2024;C031;P047;S004;4;0.15;Mobile Money
T02645;8/03/2024;C013;P044;S005;1;0.1;Cash
T02646;10/01/2024;C145;P042;S004;1;0.1;Mobile Money
T02647;3/07/2025;C073;P029;S005;3;0;Cash
T02648;29/07/2025;C145;P023;S001;5;0;Credit Card
T02649;19/03/2025;C132;P012;S001;5;0.15;Credit Card
T02650;10/10/2023;C193;P035;S001;4;0.1;Mobile Money
T02651;18/06/2025;C116;P037;S002;3;0;Credit Card
T02652;15/05/2024;C166;P045;S005;3;0.15;Mobile Money
T02653;25/12/2023;C006;P021;S004;5;0.1;Cash
T02654;22/05/2024;C160;P041;S004;1;0;Credit Card
T02655;30/12/2024;C083;P006;S004;2;0.1;Credit Card
T02656;3/08/2025;C150;P032;S003;5;0.15;Credit Card
T02657;14/03/2025;C198;P013;S005;3;0.05;Credit Card
T02658;18/06/2025;C198;P048;S002;2;0.1;Credit Card
T02659;19/04/2024;C026;P037;S001;5;0;Credit Card
T02660;23/04/2025;C139;P019;S003;1;0.1;Bank Transfer
T02661;28/04/2024;C059;P011;S002;2;0.1;Credit Card
T02662;3/01/2024;C109;P037;S003;2;0.05;Bank Transfer
T02663;17/06/2025;C007;P046;S002;4;0;Mobile Money
T02664;15/11/2024;C007;P046;S004;2;0.15;Cash
T02665;15/05/2025;C115;P008;S004;4;0.05;Credit Card
T02666;29/01/2024;C198;P049;S004;5;0;Cash
T02667;28/12/2023;C045;P037;S005;5;0;Credit Card
T02668;20/05/2024;C194;P015;S002;1;0.15;Bank Transfer
T02669;8/06/2024;C192;P047;S003;4;0.05;Credit Card
T02670;17/12/2023;C024;P001;S005;3;0.15;Bank Transfer
T02671;29/10/2023;C131;P007;S001;4;0;Cash
T02672;6/02/2025;C098;P014;S004;4;0;Bank Transfer
T02673;18/07/2025;C093;P036;S003;1;0.15;Bank Transfer
T02674;12/06/2025;C059;P009;S001;4;0.15;Cash
T02675;13/11/2024;C071;P003;S003;1;0.05;Credit Card
T02676;1/02/2024;C046;P005;S005;1;0.05;Credit Card
T02677;2/07/2025;C036;P018;S004;1;0;Credit Card
T02678;14/09/2023;C190;P003;S003;3;0.15;Credit Card
T02679;16/05/2024;C108;P037;S002;2;0.05;Credit Card
T02680;3/07/2024;C094;P042;S001;2;0;Mobile Money
T02681;22/11/2024;C053;P006;S003;4;0.1;Bank Transfer
T02682;28/06/2024;C160;P001;S003;1;0;Bank Transfer
T02683;26/11/2024;C008;P003;S004;1;0.05;Mobile Money
T02684;3/01/2024;C012;P013;S005;4;0.05;Credit Card
T02685;22/08/2024;C026;P044;S001;3;0.05;Cash
T02686;1/05/2025;C108;P038;S001;1;0.15;Mobile Money
T02687;10/02/2024;C107;P030;S005;4;0.05;Cash
T02688;12/06/2024;C080;P009;S004;4;0.1;Credit Card
T02689;27/07/2025;C083;P004;S005;3;0;Mobile Money
T02690;17/05/2025;C127;P010;S005;2;0.05;Credit Card
T02691;8/07/2025;C132;P023;S002;2;0.05;Cash
T02692;1/01/2025;C191;P044;S001;4;0.1;Cash
T02693;6/01/2024;C064;P050;S002;3;0.05;Bank Transfer
T02694;23/09/2023;C085;P044;S004;5;0.1;Credit Card
T02695;13/05/2025;C084;P028;S004;3;0.05;Cash
T02696;21/06/2024;C192;P042;S004;1;0.05;Credit Card
T02697;4/03/2024;C004;P013;S002;1;0.05;Credit Card
T02698;22/03/2025;C102;P042;S003;1;0.15;Mobile Money
T02699;16/02/2025;C089;P008;S002;5;0.15;Mobile Money
T02700;23/10/2023;C055;P032;S004;5;0.1;Mobile Money
T02701;7/01/2024;C031;P016;S003;5;0.1;Bank Transfer
T02702;4/10/2024;C048;P050;S003;3;0.15;Mobile Money
T02703;16/04/2025;C170;P021;S001;3;0.1;Cash
T02704;3/04/2024;C094;P039;S004;1;0.05;Cash
T02705;13/09/2023;C059;P010;S004;1;0;Bank Transfer
T02706;27/04/2025;C033;P030;S003;3;0.15;Mobile Money
T02707;16/08/2024;C142;P005;S001;5;0.05;Mobile Money
T02708;24/05/2025;C131;P040;S002;2;0.05;Cash
T02709;11/12/2023;C051;P011;S003;5;0.05;Cash
T02710;18/03/2025;C137;P031;S003;5;0.05;Credit Card
T02711;12/10/2023;C096;P018;S002;1;0.05;Credit Card
T02712;8/08/2025;C193;P050;S002;5;0.15;Credit Card
T02713;7/03/2024;C072;P028;S001;4;0.1;Mobile Money
T02714;3/10/2023;C134;P009;S004;4;0.15;Bank Transfer
T02715;5/10/2024;C035;P030;S003;1;0;Bank Transfer
T02716;5/01/2024;C182;P002;S005;3;0.05;Cash
T02717;2/05/2024;C016;P045;S004;2;0.05;Mobile Money
T02718;28/04/2025;C042;P024;S002;4;0.05;Mobile Money
T02719;27/07/2025;C101;P025;S005;2;0.05;Bank Transfer
T02720;30/07/2025;C019;P031;S002;3;0.05;Mobile Money
T02721;26/09/2024;C032;P043;S005;2;0.05;Mobile Money
T02722;31/10/2024;C037;P005;S003;3;0;Cash
T02723;27/08/2025;C134;P006;S003;5;0;Mobile Money
T02724;7/09/2025;C060;P005;S004;3;0;Mobile Money
T02725;7/08/2024;C040;P038;S001;3;0.1;Cash
T02726;27/04/2025;C098;P036;S003;1;0.15;Mobile Money
T02727;22/06/2024;C150;P028;S002;4;0.1;Credit Card
T02728;2/02/2025;C134;P032;S001;1;0.1;Credit Card
T02729;20/08/2025;C171;P012;S004;4;0.15;Cash
T02730;3/02/2025;C164;P038;S001;3;0.1;Bank Transfer
T02731;9/09/2024;C164;P007;S005;3;0.15;Bank Transfer
T02732;1/06/2024;C092;P007;S001;1;0;Mobile Money
T02733;1/06/2024;C063;P012;S005;4;0.05;Mobile Money
T02734;25/03/2025;C171;P045;S003;1;0.15;Mobile Money
T02735;10/07/2024;C156;P031;S005;4;0;Cash
T02736;14/09/2023;C152;P010;S001;5;0;Cash
T02737;2/02/2024;C196;P027;S002;3;0.15;Mobile Money
T02738;1/04/2024;C184;P047;S001;3;0.15;Mobile Money
T02739;4/12/2023;C147;P034;S005;1;0.15;Mobile Money
T02740;20/02/2024;C172;P010;S001;2;0.05;Cash
T02741;29/08/2024;C162;P045;S003;1;0.1;Mobile Money
T02742;4/06/2025;C008;P025;S004;3;0.1;Bank Transfer
T02743;28/12/2024;C091;P022;S002;3;0.15;Cash
T02744;22/02/2024;C084;P017;S004;3;0.05;Credit Card
T02745;30/07/2025;C143;P001;S005;3;0.15;Bank Transfer
T02746;3/10/2024;C200;P001;S002;4;0;Bank Transfer
T02747;22/01/2024;C091;P037;S005;5;0.05;Bank Transfer
T02748;9/02/2025;C079;P023;S001;1;0.15;Bank Transfer
T02749;27/08/2024;C160;P028;S004;2;0.15;Credit Card
T02750;14/01/2024;C068;P041;S004;3;0.1;Mobile Money
T02751;6/07/2024;C093;P042;S002;2;0.1;Cash
T02752;15/12/2024;C029;P001;S002;5;0.1;Bank Transfer
T02753;21/11/2024;C194;P040;S005;5;0.05;Mobile Money
T02754;1/04/2024;C159;P043;S001;2;0;Cash
T02755;10/01/2025;C183;P010;S005;4;0.1;Credit Card
T02756;29/01/2025;C184;P010;S003;5;0.1;Mobile Money
T02757;25/07/2024;C035;P030;S004;1;0.1;Cash
T02758;1/11/2023;C083;P011;S002;4;0;Credit Card
T02759;26/06/2025;C141;P017;S002;3;0;Mobile Money
T02760;8/08/2024;C058;P047;S002;2;0.05;Mobile Money
T02761;30/12/2023;C166;P010;S002;2;0;Bank Transfer
T02762;23/09/2024;C063;P015;S001;5;0.15;Mobile Money
T02763;24/01/2025;C107;P002;S005;5;0.05;Mobile Money
T02764;10/11/2023;C048;P045;S005;5;0.15;Mobile Money
T02765;27/06/2024;C192;P050;S003;3;0.1;Mobile Money
T02766;30/05/2025;C095;P050;S003;2;0.1;Bank Transfer
T02767;22/06/2025;C020;P046;S002;3;0.05;Credit Card
T02768;20/07/2025;C025;P011;S005;4;0.1;Cash
T02769;5/03/2025;C155;P034;S002;3;0.05;Mobile Money
T02770;7/05/2025;C069;P026;S005;1;0.15;Mobile Money
T02771;12/12/2023;C128;P045;S005;4;0;Credit Card
T02772;30/05/2024;C006;P030;S005;4;0;Bank Transfer
T02773;2/11/2023;C123;P036;S002;1;0.1;Cash
T02774;22/01/2024;C185;P003;S003;5;0.1;Cash
T02775;1/07/2025;C183;P039;S005;4;0.15;Credit Card
T02776;23/08/2024;C102;P040;S002;4;0.1;Bank Transfer
T02777;13/08/2024;C085;P043;S002;5;0.15;Credit Card
T02778;1/09/2024;C197;P021;S005;5;0.1;Cash
T02779;7/03/2024;C157;P013;S001;3;0;Cash
T02780;9/08/2024;C158;P041;S001;5;0.15;Credit Card
T02781;2/09/2025;C188;P023;S002;2;0.05;Credit Card
T02782;18/06/2025;C008;P045;S004;1;0.1;Cash
T02783;14/01/2024;C025;P026;S004;5;0.15;Mobile Money
T02784;24/01/2025;C098;P009;S004;2;0.1;Credit Card
T02785;15/02/2024;C025;P010;S003;3;0.05;Mobile Money
T02786;3/10/2024;C065;P045;S004;1;0.05;Bank Transfer
T02787;15/05/2025;C103;P021;S002;2;0.1;Cash
T02788;23/06/2024;C087;P038;S004;1;0.1;Cash
T02789;17/03/2025;C156;P044;S001;5;0;Bank Transfer
T02790;3/11/2023;C025;P023;S002;1;0;Cash
T02791;19/07/2025;C084;P027;S004;3;0;Bank Transfer
T02792;29/09/2024;C018;P033;S002;2;0.15;Credit Card
T02793;25/08/2024;C138;P037;S002;3;0;Credit Card
T02794;4/04/2024;C154;P002;S003;5;0.05;Mobile Money
T02795;26/02/2024;C181;P040;S002;5;0.05;Mobile Money
T02796;15/11/2023;C008;P012;S005;1;0;Bank Transfer
T02797;6/11/2023;C075;P024;S001;3;0.05;Credit Card
T02798;10/12/2023;C026;P028;S004;2;0.05;Bank Transfer
T02799;30/06/2024;C117;P033;S005;4;0.15;Cash
T02800;18/07/2024;C172;P008;S005;1;0.1;Credit Card
T02801;6/02/2024;C094;P046;S002;2;0.15;Credit Card
T02802;23/03/2025;C104;P002;S001;3;0;Mobile Money
T02803;2/01/2024;C169;P028;S005;1;0;Bank Transfer
T02804;17/02/2024;C135;P044;S005;5;0.15;Credit Card
T02805;23/01/2025;C073;P034;S003;2;0.15;Credit Card
T02806;28/06/2024;C075;P021;S004;4;0.15;Mobile Money
T02807;19/06/2024;C022;P020;S004;1;0.15;Cash
T02808;29/01/2024;C083;P026;S005;4;0.15;Bank Transfer
T02809;5/08/2025;C128;P026;S003;1;0;Credit Card
T02810;10/06/2025;C023;P037;S003;5;0.05;Bank Transfer
T02811;18/02/2025;C190;P026;S001;5;0;Cash
T02812;26/06/2024;C078;P042;S004;2;0.1;Cash
T02813;8/02/2025;C176;P020;S004;5;0.05;Bank Transfer
T02814;18/08/2024;C175;P018;S001;2;0;Mobile Money
T02815;26/12/2024;C048;P041;S002;3;0;Credit Card
T02816;20/10/2024;C127;P001;S002;5;0;Cash
T02817;21/12/2024;C098;P043;S002;1;0.1;Cash
T02818;10/05/2024;C062;P002;S003;2;0.15;Credit Card
T02819;20/11/2024;C096;P023;S004;1;0.05;Credit Card
T02820;14/04/2025;C154;P043;S002;5;0.1;Mobile Money
T02821;8/02/2025;C175;P025;S005;3;0.05;Bank Transfer
T02822;3/01/2024;C105;P007;S001;4;0.15;Mobile Money
T02823;11/05/2024;C072;P020;S002;4;0.1;Cash
T02824;1/05/2025;C161;P022;S004;1;0.15;Credit Card
T02825;28/01/2024;C170;P006;S002;1;0;Cash
T02826;15/05/2025;C041;P014;S004;1;0.05;Bank Transfer
T02827;19/11/2023;C043;P017;S003;4;0.1;Bank Transfer
T02828;18/07/2025;C073;P021;S005;3;0;Cash
T02829;16/09/2024;C102;P038;S002;1;0.15;Credit Card
T02830;7/05/2025;C033;P014;S005;1;0.15;Mobile Money
T02831;7/06/2025;C028;P033;S001;2;0;Mobile Money
T02832;29/08/2024;C048;P003;S001;1;0.05;Mobile Money
T02833;2/10/2024;C158;P006;S003;4;0.05;Mobile Money
T02834;18/08/2024;C153;P022;S001;5;0.05;Credit Card
T02835;10/11/2023;C186;P044;S003;1;0;Credit Card
T02836;8/03/2024;C088;P034;S003;2;0.1;Mobile Money
T02837;26/02/2025;C052;P031;S001;4;0.15;Credit Card
T02838;22/02/2025;C075;P048;S005;1;0.05;Credit Card
T02839;21/12/2023;C161;P026;S002;3;0.15;Cash
T02840;29/01/2025;C113;P038;S001;2;0.1;Credit Card
T02841;20/08/2025;C037;P027;S005;3;0;Cash
T02842;12/03/2025;C176;P017;S001;4;0;Credit Card
T02843;10/09/2024;C186;P002;S003;3;0;Credit Card
T02844;7/03/2024;C027;P011;S002;1;0.15;Cash
T02845;20/06/2024;C145;P007;S001;4;0;Credit Card
T02846;15/07/2024;C196;P028;S001;5;0;Cash
T02847;24/08/2024;C167;P006;S004;5;0.15;Bank Transfer
T02848;1/04/2025;C176;P032;S005;4;0.15;Credit Card
T02849;30/05/2025;C175;P017;S004;5;0.1;Bank Transfer
T02850;8/10/2024;C163;P010;S004;4;0.05;Mobile Money
T02851;7/09/2024;C138;P008;S003;2;0.05;Bank Transfer
T02852;15/10/2023;C164;P014;S002;4;0.1;Credit Card
T02853;18/01/2024;C095;P030;S001;4;0.1;Credit Card
T02854;30/01/2025;C011;P022;S004;4;0.05;Mobile Money
T02855;1/07/2024;C033;P025;S003;2;0.15;Mobile Money
T02856;6/08/2024;C107;P011;S004;4;0.15;Mobile Money
T02857;1/11/2024;C119;P049;S003;3;0.1;Mobile Money
T02858;1/01/2024;C035;P039;S005;2;0.05;Credit Card
T02859;25/06/2025;C183;P021;S002;5;0.05;Bank Transfer
T02860;7/07/2025;C119;P004;S005;4;0.1;Bank Transfer
T02861;22/06/2024;C055;P036;S004;2;0.15;Cash
T02862;28/08/2024;C139;P021;S004;3;0.15;Cash
T02863;2/06/2025;C052;P012;S002;3;0.05;Mobile Money
T02864;17/01/2025;C133;P031;S004;2;0.15;Cash
T02865;26/02/2025;C178;P046;S002;4;0.05;Bank Transfer
T02866;14/11/2023;C191;P012;S005;2;0.15;Credit Card
T02867;25/12/2023;C039;P010;S004;3;0.15;Credit Card
T02868;3/05/2024;C190;P021;S002;4;0.1;Cash
T02869;2/06/2024;C174;P004;S001;1;0;Cash
T02870;31/03/2024;C003;P005;S001;3;0;Bank Transfer
T02871;7/02/2024;C092;P012;S002;2;0.05;Bank Transfer
T02872;6/06/2024;C017;P044;S003;5;0.1;Mobile Money
T02873;11/03/2024;C122;P029;S003;2;0.1;Bank Transfer
T02874;19/12/2023;C026;P024;S005;2;0.05;Credit Card
T02875;24/10/2024;C107;P043;S001;5;0.15;Credit Card
T02876;27/12/2024;C144;P041;S005;4;0.1;Credit Card
T02877;5/10/2024;C030;P023;S002;4;0;Cash
T02878;13/06/2025;C035;P018;S004;4;0.15;Mobile Money
T02879;23/08/2025;C044;P031;S001;5;0.1;Mobile Money
T02880;28/07/2025;C150;P002;S005;2;0.15;Cash
T02881;30/11/2024;C126;P033;S005;3;0.1;Cash
T02882;22/06/2024;C095;P046;S001;2;0.05;Bank Transfer
T02883;17/05/2025;C174;P048;S004;2;0;Credit Card
T02884;6/04/2024;C163;P030;S003;3;0;Bank Transfer
T02885;28/12/2023;C155;P025;S004;1;0.15;Credit Card
T02886;14/09/2023;C094;P004;S003;2;0.1;Cash
T02887;14/04/2024;C126;P047;S003;2;0;Credit Card
T02888;1/04/2025;C180;P038;S003;3;0.15;Mobile Money
T02889;30/01/2025;C087;P016;S001;3;0.15;Cash
T02890;7/11/2024;C086;P039;S005;1;0.05;Cash
T02891;11/06/2024;C189;P015;S005;1;0.1;Mobile Money
T02892;28/04/2025;C052;P010;S004;4;0.15;Cash
T02893;15/05/2025;C178;P002;S003;4;0.1;Bank Transfer
T02894;15/01/2024;C132;P011;S004;4;0.1;Credit Card
T02895;30/01/2024;C089;P021;S003;5;0.05;Mobile Money
T02896;18/12/2024;C073;P019;S003;1;0.15;Cash
T02897;5/04/2024;C171;P014;S003;5;0;Cash
T02898;13/10/2024;C033;P008;S001;2;0;Credit Card
T02899;18/05/2024;C096;P033;S001;2;0.05;Cash
T02900;2/12/2023;C020;P025;S001;1;0.1;Cash
T02901;2/07/2025;C040;P021;S005;4;0.1;Cash
T02902;15/05/2025;C157;P049;S001;1;0.05;Credit Card
T02903;2/03/2025;C191;P038;S001;2;0;Cash
T02904;1/04/2024;C001;P025;S004;2;0.05;Cash
T02905;17/11/2024;C184;P035;S001;4;0.1;Credit Card
T02906;9/02/2025;C122;P022;S002;4;0.05;Mobile Money
T02907;20/09/2024;C074;P008;S005;1;0.15;Credit Card
T02908;10/04/2024;C130;P037;S001;1;0.05;Credit Card
T02909;14/03/2025;C068;P009;S002;5;0.05;Cash
T02910;7/08/2025;C180;P008;S001;2;0.05;Bank Transfer
T02911;23/06/2024;C194;P028;S002;2;0.15;Bank Transfer
T02912;5/07/2024;C154;P028;S004;5;0.1;Credit Card
T02913;9/09/2025;C110;P049;S003;3;0.05;Cash
T02914;21/03/2024;C168;P004;S003;3;0.05;Cash
T02915;27/06/2024;C016;P002;S001;4;0.1;Cash
T02916;7/12/2023;C159;P002;S004;1;0.15;Cash
T02917;7/10/2024;C191;P035;S001;3;0.1;Cash
T02918;18/06/2025;C146;P023;S003;3;0.15;Bank Transfer
T02919;20/01/2024;C191;P037;S004;3;0.15;Bank Transfer
T02920;20/02/2025;C196;P042;S004;3;0.05;Credit Card
T02921;22/06/2025;C151;P018;S002;1;0.1;Mobile Money
T02922;6/09/2024;C120;P048;S004;3;0.15;Mobile Money
T02923;9/01/2025;C119;P023;S004;2;0.05;Mobile Money
T02924;14/01/2025;C108;P034;S001;2;0.1;Mobile Money
T02925;5/03/2025;C162;P041;S002;4;0.1;Cash
T02926;16/08/2024;C112;P014;S002;2;0.05;Credit Card
T02927;18/03/2024;C025;P014;S001;4;0.15;Credit Card
T02928;26/05/2024;C070;P020;S003;2;0;Mobile Money
T02929;13/12/2023;C101;P008;S002;3;0.1;Credit Card
T02930;19/12/2023;C049;P001;S004;5;0.15;Mobile Money
T02931;9/10/2023;C112;P007;S002;4;0;Bank Transfer
T02932;5/05/2024;C028;P008;S001;3;0.15;Bank Transfer
T02933;6/05/2024;C037;P030;S002;5;0.15;Credit Card
T02934;15/07/2024;C107;P013;S004;1;0.1;Credit Card
T02935;14/10/2024;C087;P031;S003;5;0.15;Cash
T02936;24/04/2024;C154;P023;S002;5;0.1;Bank Transfer
T02937;19/04/2024;C186;P026;S003;2;0.1;Mobile Money
T02938;20/06/2024;C017;P028;S001;4;0.1;Mobile Money
T02939;22/12/2023;C064;P038;S002;3;0.05;Bank Transfer
T02940;21/02/2024;C163;P044;S004;3;0.1;Bank Transfer
T02941;1/08/2025;C179;P009;S002;2;0.1;Credit Card
T02942;24/10/2023;C182;P026;S005;5;0.05;Credit Card
T02943;10/01/2024;C126;P016;S005;4;0;Bank Transfer
T02944;25/06/2024;C131;P029;S001;4;0.05;Bank Transfer
T02945;23/01/2025;C021;P031;S005;4;0.15;Bank Transfer
T02946;23/12/2023;C018;P043;S004;4;0.05;Bank Transfer
T02947;12/10/2023;C183;P019;S002;3;0;Mobile Money
T02948;23/03/2024;C064;P001;S002;1;0.1;Bank Transfer
T02949;28/12/2023;C159;P016;S004;5;0.05;Bank Transfer
T02950;4/08/2024;C082;P045;S004;3;0.05;Credit Card
T02951;20/01/2024;C153;P038;S005;1;0.1;Cash
T02952;21/04/2025;C189;P033;S002;5;0.1;Credit Card
T02953;18/03/2025;C097;P017;S004;1;0.1;Bank Transfer
T02954;2/04/2024;C053;P021;S002;3;0;Cash
T02955;10/01/2024;C167;P013;S004;1;0.1;Mobile Money
T02956;21/12/2024;C199;P035;S002;4;0.15;Credit Card
T02957;28/07/2024;C153;P019;S004;3;0;Bank Transfer
T02958;5/12/2024;C117;P027;S003;2;0.15;Bank Transfer
T02959;23/07/2025;C042;P034;S005;2;0.1;Cash
T02960;22/09/2024;C032;P037;S001;3;0.15;Bank Transfer
T02961;3/12/2024;C037;P036;S003;4;0;Mobile Money
T02962;10/09/2024;C166;P038;S003;4;0.05;Bank Transfer
T02963;19/05/2025;C157;P027;S001;3;0.1;Cash
T02964;15/04/2024;C131;P018;S001;2;0.15;Cash
T02965;10/12/2024;C018;P045;S002;2;0;Credit Card
T02966;7/08/2025;C183;P013;S002;1;0.1;Bank Transfer
T02967;24/09/2024;C087;P035;S001;4;0.1;Cash
T02968;4/12/2023;C127;P029;S004;5;0;Mobile Money
T02969;8/09/2024;C165;P034;S004;2;0;Credit Card
T02970;7/10/2023;C115;P031;S002;1;0.1;Credit Card
T02971;3/04/2025;C062;P047;S001;5;0;Cash
T02972;25/11/2024;C165;P009;S002;4;0;Cash
T02973;23/02/2024;C057;P017;S002;2;0.05;Bank Transfer
T02974;15/10/2023;C083;P001;S004;4;0;Bank Transfer
T02975;21/08/2024;C127;P011;S001;4;0;Cash
T02976;11/04/2025;C052;P002;S005;1;0.05;Credit Card
T02977;1/08/2024;C150;P012;S004;1;0.1;Cash
T02978;5/05/2025;C149;P024;S003;5;0.05;Mobile Money
T02979;11/06/2024;C055;P007;S002;5;0;Bank Transfer
T02980;13/10/2023;C069;P033;S005;3;0.15;Credit Card
T02981;11/08/2024;C052;P041;S005;3;0.1;Credit Card
T02982;1/02/2024;C084;P050;S003;4;0;Bank Transfer
T02983;1/07/2025;C116;P032;S001;4;0.15;Credit Card
T02984;3/06/2024;C048;P014;S001;1;0.15;Cash
T02985;3/09/2025;C191;P023;S002;2;0.1;Credit Card
T02986;20/05/2025;C152;P043;S003;3;0.15;Cash
T02987;16/11/2024;C166;P035;S002;5;0.1;Credit Card
T02988;4/05/2025;C131;P039;S001;3;0;Credit Card
T02989;7/09/2025;C047;P022;S003;2;0.15;Mobile Money
T02990;31/05/2025;C185;P037;S003;4;0.15;Credit Card
T02991;22/04/2025;C126;P040;S004;5;0.1;Credit Card
T02992;18/02/2025;C020;P016;S005;1;0;Cash
T02993;4/10/2024;C159;P047;S001;1;0.1;Cash
T02994;17/12/2024;C078;P030;S004;4;0.05;Cash
T02995;25/02/2025;C014;P035;S003;2;0.05;Mobile Money
T02996;28/05/2025;C190;P016;S003;1;0.1;Mobile Money
T02997;13/06/2024;C168;P033;S001;3;0;Cash
T02998;16/06/2025;C078;P005;S002;3;0.15;Credit Card
T02999;24/08/2024;C031;P030;S001;4;0.05;Cash
T03000;22/01/2025;C029;P022;S001;2;0.15;Bank Transfer
T03001;12/06/2024;C070;P027;S001;5;0.15;Cash
T03002;14/01/2025;C188;P025;S002;2;0;Mobile Money
T03003;31/12/2023;C174;P009;S004;1;0;Mobile Money
T03004;15/01/2024;C111;P023;S004;4;0.05;Cash
T03005;27/01/2024;C148;P014;S001;1;0.1;Bank Transfer
T03006;13/12/2023;C185;P049;S004;2;0.1;Cash
T03007;29/06/2025;C172;P016;S003;2;0.05;Mobile Money
T03008;31/12/2024;C001;P030;S001;5;0.15;Mobile Money
T03009;19/05/2025;C060;P027;S001;3;0.1;Cash
T03010;17/11/2023;C154;P007;S003;4;0.15;Credit Card
T03011;29/02/2024;C096;P014;S003;5;0.05;Bank Transfer
T03012;26/06/2025;C189;P023;S003;4;0.05;Mobile Money
T03013;3/10/2023;C096;P029;S004;3;0.1;Credit Card
T03014;7/03/2024;C173;P012;S004;5;0.15;Bank Transfer
T03015;18/11/2023;C111;P031;S001;5;0.1;Credit Card
T03016;8/01/2024;C086;P017;S003;4;0.15;Credit Card
T03017;23/06/2024;C011;P009;S003;5;0.05;Bank Transfer
T03018;23/03/2024;C139;P029;S002;5;0.05;Credit Card
T03019;4/11/2023;C178;P050;S004;1;0.15;Cash
T03020;9/10/2024;C129;P020;S005;1;0;Cash
T03021;16/02/2024;C066;P038;S005;2;0.05;Bank Transfer
T03022;30/01/2025;C126;P015;S001;3;0.1;Mobile Money
T03023;29/07/2025;C134;P029;S004;2;0.1;Mobile Money
T03024;11/07/2024;C177;P037;S001;2;0.15;Credit Card
T03025;8/11/2024;C178;P044;S002;1;0;Mobile Money
T03026;15/10/2024;C037;P020;S001;3;0.05;Mobile Money
T03027;25/06/2024;C078;P025;S002;5;0;Credit Card
T03028;24/05/2024;C007;P049;S001;1;0.1;Cash
T03029;8/01/2024;C054;P011;S002;1;0;Bank Transfer
T03030;29/11/2023;C116;P048;S001;4;0.1;Mobile Money
T03031;2/04/2024;C003;P024;S005;3;0.1;Mobile Money
T03032;12/06/2024;C096;P018;S002;3;0.15;Mobile Money
T03033;3/07/2025;C163;P040;S005;5;0;Mobile Money
T03034;12/10/2023;C009;P023;S004;3;0.1;Cash
T03035;15/01/2025;C066;P029;S004;4;0;Mobile Money
T03036;1/08/2025;C177;P012;S005;5;0.1;Mobile Money
T03037;15/11/2023;C007;P045;S004;1;0.15;Cash
T03038;27/07/2025;C122;P006;S003;5;0;Cash
T03039;19/09/2024;C063;P007;S001;4;0.15;Bank Transfer
T03040;8/07/2025;C062;P038;S005;4;0;Bank Transfer
T03041;30/10/2024;C080;P015;S005;4;0.05;Mobile Money
T03042;9/10/2024;C025;P038;S001;2;0;Mobile Money
T03043;24/07/2024;C018;P021;S005;2;0.15;Bank Transfer
T03044;24/05/2024;C179;P003;S005;4;0;Bank Transfer
T03045;11/07/2025;C150;P040;S001;5;0.15;Credit Card
T03046;16/09/2024;C116;P046;S003;2;0;Bank Transfer
T03047;15/01/2025;C154;P013;S003;4;0;Credit Card
T03048;17/10/2023;C020;P002;S002;4;0.15;Credit Card
T03049;18/06/2025;C002;P006;S004;2;0.15;Cash
T03050;26/01/2024;C078;P025;S002;2;0.1;Mobile Money
T03051;22/10/2023;C059;P022;S004;1;0;Credit Card
T03052;4/11/2023;C036;P019;S002;5;0;Mobile Money
T03053;29/07/2024;C128;P020;S003;4;0;Bank Transfer
T03054;3/10/2024;C163;P027;S005;1;0.15;Mobile Money
T03055;25/04/2025;C009;P037;S003;4;0.15;Cash
T03056;11/07/2024;C017;P034;S001;3;0.1;Mobile Money
T03057;19/09/2023;C103;P021;S005;2;0.05;Cash
T03058;16/12/2023;C007;P036;S002;1;0.05;Credit Card
T03059;21/03/2024;C115;P019;S005;3;0.1;Mobile Money
T03060;11/08/2024;C018;P031;S002;5;0.15;Cash
T03061;1/01/2024;C144;P038;S001;2;0.05;Credit Card
T03062;19/07/2025;C077;P049;S002;4;0;Bank Transfer
T03063;20/10/2023;C016;P002;S005;1;0;Bank Transfer
T03064;18/04/2024;C150;P039;S005;1;0.1;Credit Card
T03065;3/05/2024;C082;P021;S002;4;0.05;Credit Card
T03066;8/12/2024;C170;P021;S004;4;0.15;Credit Card
T03067;22/03/2025;C026;P018;S002;4;0;Credit Card
T03068;28/04/2025;C171;P002;S002;5;0.05;Cash
T03069;20/09/2024;C123;P016;S005;1;0.05;Credit Card
T03070;17/11/2024;C161;P039;S004;3;0.05;Bank Transfer
T03071;14/09/2023;C105;P013;S001;4;0;Bank Transfer
T03072;29/09/2024;C200;P018;S004;1;0.05;Bank Transfer
T03073;14/02/2025;C101;P050;S004;5;0.05;Credit Card
T03074;30/06/2025;C123;P005;S005;5;0.15;Credit Card
T03075;31/12/2023;C062;P040;S005;5;0.1;Mobile Money
T03076;22/10/2024;C198;P036;S001;4;0;Mobile Money
T03077;17/10/2024;C017;P017;S005;1;0.05;Cash
T03078;28/02/2024;C095;P029;S003;4;0.1;Mobile Money
T03079;21/04/2025;C167;P041;S003;3;0.1;Bank Transfer
T03080;16/04/2025;C121;P035;S005;4;0.15;Credit Card
T03081;4/02/2024;C121;P020;S003;1;0.15;Bank Transfer
T03082;9/05/2025;C137;P045;S005;5;0;Bank Transfer
T03083;16/02/2024;C162;P042;S003;3;0.1;Credit Card
T03084;27/11/2023;C081;P031;S003;2;0.05;Bank Transfer
T03085;5/11/2023;C079;P037;S002;3;0.15;Bank Transfer
T03086;19/11/2023;C068;P007;S005;4;0.05;Credit Card
T03087;13/09/2024;C198;P043;S003;2;0.1;Bank Transfer
T03088;22/11/2024;C053;P039;S004;5;0.05;Cash
T03089;7/12/2023;C186;P026;S003;2;0.05;Bank Transfer
T03090;23/06/2024;C047;P018;S004;3;0.05;Mobile Money
T03091;19/10/2024;C124;P019;S003;5;0.15;Bank Transfer
T03092;28/05/2024;C038;P048;S003;5;0;Bank Transfer
T03093;12/04/2024;C032;P015;S004;5;0.15;Cash
T03094;7/11/2023;C018;P009;S002;3;0.15;Mobile Money
T03095;27/04/2025;C141;P001;S005;3;0.15;Credit Card
T03096;5/06/2025;C069;P023;S001;4;0.15;Cash
T03097;15/02/2025;C122;P050;S004;4;0.1;Cash
T03098;8/09/2025;C036;P040;S002;1;0.1;Cash
T03099;9/03/2025;C011;P014;S001;3;0;Bank Transfer
T03100;2/04/2024;C033;P035;S001;4;0.05;Cash
T03101;7/06/2025;C170;P001;S005;1;0;Cash
T03102;27/01/2024;C087;P022;S005;3;0.1;Mobile Money
T03103;25/09/2024;C062;P041;S002;2;0.1;Bank Transfer
T03104;19/03/2024;C061;P007;S002;1;0.1;Credit Card
T03105;4/07/2025;C044;P017;S004;2;0;Credit Card
T03106;18/02/2024;C024;P002;S005;5;0.1;Mobile Money
T03107;9/01/2025;C032;P014;S001;2;0.15;Credit Card
T03108;27/01/2025;C062;P005;S004;5;0.05;Credit Card
T03109;24/09/2023;C057;P012;S003;1;0;Credit Card
T03110;8/06/2024;C172;P033;S003;4;0.15;Mobile Money
T03111;10/07/2025;C055;P044;S002;1;0;Mobile Money
T03112;7/05/2024;C183;P034;S004;4;0.05;Mobile Money
T03113;23/11/2024;C158;P002;S004;1;0.1;Credit Card
T03114;6/07/2025;C173;P028;S004;4;0.1;Bank Transfer
T03115;18/03/2025;C006;P025;S004;5;0.15;Mobile Money
T03116;18/07/2024;C156;P038;S002;3;0.05;Cash
T03117;24/10/2024;C154;P034;S004;2;0.15;Credit Card
T03118;9/05/2024;C056;P029;S003;3;0.15;Bank Transfer
T03119;15/07/2024;C064;P034;S003;2;0.15;Mobile Money
T03120;29/01/2024;C007;P003;S005;2;0;Mobile Money
T03121;23/02/2025;C183;P026;S001;4;0.1;Bank Transfer
T03122;18/12/2023;C098;P048;S001;4;0.15;Mobile Money
T03123;11/03/2024;C109;P004;S001;4;0.1;Bank Transfer
T03124;23/03/2024;C059;P033;S003;3;0.1;Mobile Money
T03125;13/06/2024;C041;P031;S002;2;0.05;Cash
T03126;26/09/2023;C098;P011;S003;1;0.05;Cash
T03127;10/08/2024;C182;P048;S002;1;0;Bank Transfer
T03128;4/01/2025;C021;P011;S005;3;0.15;Credit Card
T03129;23/10/2024;C076;P029;S002;4;0.1;Credit Card
T03130;27/09/2024;C059;P032;S004;3;0.05;Cash
T03131;16/09/2024;C060;P046;S001;5;0;Credit Card
T03132;30/11/2023;C074;P019;S005;4;0.15;Credit Card
T03133;5/12/2023;C061;P009;S001;2;0;Cash
T03134;22/03/2024;C198;P036;S001;3;0.05;Cash
T03135;19/06/2025;C200;P020;S004;5;0.1;Credit Card
T03136;3/12/2023;C040;P014;S005;2;0.05;Cash
T03137;15/09/2024;C084;P021;S002;3;0;Cash
T03138;29/10/2023;C101;P049;S002;2;0;Mobile Money
T03139;12/12/2024;C040;P041;S002;2;0.1;Bank Transfer
T03140;7/01/2025;C119;P008;S002;4;0.05;Cash
T03141;12/11/2023;C183;P020;S002;2;0;Cash
T03142;14/11/2024;C097;P010;S002;1;0.1;Mobile Money
T03143;25/05/2024;C136;P033;S004;4;0.15;Mobile Money
T03144;15/11/2024;C166;P045;S005;3;0.15;Bank Transfer
T03145;17/04/2025;C135;P012;S004;2;0.15;Credit Card
T03146;17/11/2023;C010;P033;S002;1;0.1;Bank Transfer
T03147;2/05/2024;C030;P038;S005;4;0.15;Mobile Money
T03148;17/11/2024;C077;P034;S003;1;0.1;Mobile Money
T03149;9/02/2024;C051;P024;S001;2;0.15;Credit Card
T03150;11/01/2025;C116;P009;S005;2;0.1;Mobile Money
T03151;10/01/2024;C063;P007;S002;1;0.05;Mobile Money
T03152;6/01/2024;C065;P015;S004;4;0.15;Mobile Money
T03153;19/04/2025;C096;P048;S002;4;0.05;Mobile Money
T03154;18/11/2023;C014;P033;S002;2;0;Bank Transfer
T03155;25/01/2025;C096;P027;S001;3;0.15;Mobile Money
T03156;3/04/2024;C168;P023;S004;1;0.1;Bank Transfer
T03157;26/01/2025;C132;P028;S005;4;0;Mobile Money
T03158;13/01/2024;C018;P023;S003;3;0.05;Bank Transfer
T03159;5/12/2023;C130;P010;S002;1;0;Credit Card
T03160;14/01/2025;C191;P034;S005;3;0;Cash
T03161;20/01/2024;C131;P023;S002;5;0.1;Cash
T03162;23/08/2024;C115;P030;S004;3;0.15;Bank Transfer
T03163;23/12/2024;C160;P004;S003;3;0.1;Cash
T03164;6/03/2025;C133;P002;S005;1;0.15;Mobile Money
T03165;26/07/2024;C111;P043;S005;1;0;Credit Card
T03166;6/04/2025;C097;P017;S003;4;0.1;Credit Card
T03167;15/04/2024;C037;P026;S002;1;0.15;Bank Transfer
T03168;16/10/2023;C101;P019;S002;1;0;Bank Transfer
T03169;25/07/2025;C004;P010;S002;2;0.15;Credit Card
T03170;3/10/2024;C107;P001;S002;4;0.1;Credit Card
T03171;28/06/2025;C001;P001;S001;2;0;Bank Transfer
T03172;20/03/2024;C187;P040;S004;1;0.05;Mobile Money
T03173;1/06/2025;C043;P019;S004;1;0;Mobile Money
T03174;26/03/2025;C088;P032;S005;3;0.15;Bank Transfer
T03175;8/01/2025;C148;P017;S005;5;0.1;Bank Transfer
T03176;20/09/2024;C135;P023;S002;5;0.1;Credit Card
T03177;16/05/2025;C058;P048;S001;4;0.15;Bank Transfer
T03178;19/12/2024;C085;P041;S005;3;0.15;Mobile Money
T03179;24/11/2024;C014;P038;S005;3;0.1;Cash
T03180;18/08/2024;C038;P020;S005;2;0.05;Credit Card
T03181;12/09/2024;C119;P022;S002;1;0.1;Mobile Money
T03182;23/01/2024;C191;P027;S004;4;0.1;Bank Transfer
T03183;26/12/2023;C021;P027;S002;2;0.15;Cash
T03184;6/07/2024;C199;P032;S003;1;0.15;Mobile Money
T03185;15/01/2024;C111;P043;S002;4;0.15;Cash
T03186;1/04/2024;C086;P031;S003;1;0.1;Credit Card
T03187;22/06/2025;C125;P042;S004;4;0.05;Mobile Money
T03188;22/04/2024;C111;P026;S002;3;0.05;Credit Card
T03189;21/01/2025;C087;P009;S002;5;0.1;Mobile Money
T03190;27/02/2025;C022;P037;S001;1;0;Cash
T03191;29/04/2025;C039;P046;S005;4;0.15;Cash
T03192;25/01/2025;C179;P009;S002;1;0;Mobile Money
T03193;25/06/2025;C046;P012;S001;2;0.1;Bank Transfer
T03194;30/06/2025;C174;P004;S003;5;0;Cash
T03195;15/03/2025;C043;P048;S003;3;0;Cash
T03196;18/05/2024;C150;P024;S001;1;0;Credit Card
T03197;28/08/2025;C044;P036;S004;4;0;Bank Transfer
T03198;22/06/2024;C152;P036;S003;5;0;Bank Transfer
T03199;17/09/2024;C036;P028;S001;4;0.1;Credit Card
T03200;5/11/2023;C165;P008;S005;1;0.15;Credit Card
T03201;8/04/2025;C177;P035;S003;1;0.15;Bank Transfer
T03202;12/06/2024;C171;P022;S002;4;0.15;Bank Transfer
T03203;14/11/2023;C131;P046;S003;3;0.15;Mobile Money
T03204;22/04/2025;C061;P015;S003;3;0.05;Credit Card
T03205;7/10/2023;C119;P003;S002;2;0;Cash
T03206;18/01/2025;C016;P013;S005;1;0.05;Cash
T03207;7/08/2024;C115;P021;S002;2;0;Bank Transfer
T03208;12/03/2024;C198;P034;S003;3;0.05;Mobile Money
T03209;23/02/2025;C112;P016;S004;1;0.1;Credit Card
T03210;1/07/2024;C122;P009;S001;3;0.05;Mobile Money
T03211;21/07/2024;C050;P034;S003;1;0;Cash
T03212;5/04/2025;C065;P041;S004;2;0.15;Mobile Money
T03213;3/07/2024;C169;P015;S004;3;0.15;Credit Card
T03214;12/04/2025;C084;P032;S004;3;0.05;Cash
T03215;16/10/2024;C043;P026;S003;4;0;Mobile Money
T03216;17/02/2024;C086;P043;S002;1;0.05;Credit Card
T03217;13/04/2024;C132;P006;S005;4;0.1;Credit Card
T03218;27/03/2025;C185;P003;S002;4;0;Cash
T03219;21/04/2024;C162;P019;S003;3;0.1;Bank Transfer
T03220;12/11/2024;C001;P048;S001;4;0.05;Credit Card
T03221;19/05/2025;C038;P035;S003;5;0.1;Mobile Money
T03222;21/09/2024;C136;P011;S005;5;0.05;Mobile Money
T03223;13/07/2025;C198;P003;S001;4;0.1;Mobile Money
T03224;25/06/2025;C012;P036;S003;3;0;Mobile Money
T03225;8/08/2025;C151;P001;S001;4;0.15;Mobile Money
T03226;10/09/2023;C156;P024;S005;2;0.1;Credit Card
T03227;27/02/2024;C116;P006;S003;3;0;Credit Card
T03228;3/11/2023;C172;P033;S005;3;0.15;Bank Transfer
T03229;13/01/2025;C002;P011;S005;2;0;Credit Card
T03230;19/11/2023;C116;P012;S002;4;0;Mobile Money
T03231;17/05/2024;C013;P025;S001;3;0.15;Cash
T03232;5/02/2025;C129;P015;S003;5;0;Mobile Money
T03233;14/07/2025;C149;P008;S002;5;0.1;Cash
T03234;22/12/2023;C061;P017;S004;5;0.1;Credit Card
T03235;8/05/2024;C140;P009;S002;1;0.15;Cash
T03236;25/06/2025;C085;P048;S002;4;0;Cash
T03237;9/11/2024;C034;P031;S003;2;0.1;Bank Transfer
T03238;27/01/2024;C107;P012;S002;4;0.05;Credit Card
T03239;17/04/2025;C093;P015;S001;3;0.1;Cash
T03240;9/04/2024;C020;P020;S002;1;0;Credit Card
T03241;10/12/2023;C017;P046;S003;2;0;Mobile Money
T03242;7/07/2024;C087;P011;S001;5;0.15;Cash
T03243;22/02/2025;C124;P050;S005;3;0;Bank Transfer
T03244;11/04/2025;C024;P004;S003;2;0.15;Credit Card
T03245;19/10/2023;C140;P033;S003;1;0;Cash
T03246;2/12/2024;C042;P035;S002;3;0.05;Credit Card
T03247;29/12/2024;C123;P030;S003;1;0.1;Mobile Money
T03248;10/09/2023;C194;P038;S004;1;0.15;Credit Card
T03249;2/03/2024;C043;P044;S002;5;0.15;Cash
T03250;10/05/2024;C191;P031;S002;4;0.15;Mobile Money
T03251;5/11/2023;C083;P043;S003;2;0;Cash
T03252;16/05/2024;C116;P032;S002;1;0.1;Cash
T03253;10/09/2024;C171;P038;S003;3;0.15;Cash
T03254;6/12/2024;C081;P011;S004;1;0.05;Cash
T03255;13/04/2025;C153;P037;S005;5;0;Credit Card
T03256;12/01/2024;C122;P035;S004;5;0.1;Cash
T03257;26/09/2024;C160;P009;S001;3;0.05;Bank Transfer
T03258;7/07/2024;C138;P020;S004;3;0;Cash
T03259;10/07/2025;C015;P037;S003;2;0.1;Mobile Money
T03260;17/03/2025;C040;P050;S003;3;0.15;Cash
T03261;20/03/2024;C136;P039;S003;1;0.15;Bank Transfer
T03262;12/11/2024;C190;P022;S003;4;0;Cash
T03263;21/03/2025;C073;P008;S003;2;0;Credit Card
T03264;17/12/2024;C135;P045;S005;5;0;Bank Transfer
T03265;4/11/2023;C030;P005;S001;3;0.1;Bank Transfer
T03266;17/06/2024;C032;P013;S002;5;0.05;Cash
T03267;29/07/2024;C060;P026;S001;3;0.1;Cash
T03268;19/11/2024;C183;P036;S005;5;0.1;Bank Transfer
T03269;24/07/2025;C026;P034;S004;1;0.1;Mobile Money
T03270;14/02/2025;C024;P035;S003;3;0;Credit Card
T03271;7/09/2025;C018;P048;S001;5;0;Cash
T03272;15/08/2025;C123;P019;S001;4;0.1;Mobile Money
T03273;27/10/2023;C139;P048;S001;3;0.05;Credit Card
T03274;2/08/2024;C021;P036;S003;2;0.05;Cash
T03275;20/04/2025;C162;P012;S001;4;0.05;Credit Card
T03276;16/07/2024;C044;P048;S005;2;0.15;Cash
T03277;11/11/2023;C175;P022;S005;3;0.05;Mobile Money
T03278;22/11/2023;C141;P026;S002;1;0.15;Credit Card
T03279;7/01/2025;C157;P040;S004;2;0.1;Bank Transfer
T03280;12/03/2024;C035;P018;S004;5;0.15;Bank Transfer
T03281;29/03/2025;C069;P025;S002;5;0;Mobile Money
T03282;5/11/2023;C066;P033;S005;4;0;Cash
T03283;26/07/2025;C104;P032;S005;2;0.1;Credit Card
T03284;6/02/2024;C148;P017;S002;5;0;Credit Card
T03285;11/09/2023;C034;P007;S001;2;0.05;Cash
T03286;19/08/2025;C188;P031;S001;4;0.05;Credit Card
T03287;15/02/2025;C071;P034;S001;5;0;Credit Card
T03288;19/10/2023;C184;P004;S001;1;0.15;Cash
T03289;26/03/2024;C088;P049;S002;4;0.05;Credit Card
T03290;27/08/2025;C186;P021;S001;3;0.1;Mobile Money
T03291;26/10/2023;C097;P044;S005;3;0.15;Credit Card
T03292;4/02/2024;C163;P042;S002;2;0.15;Bank Transfer
T03293;13/05/2025;C049;P022;S002;4;0.15;Bank Transfer
T03294;2/03/2025;C112;P034;S001;3;0;Mobile Money
T03295;3/12/2024;C119;P004;S002;1;0;Mobile Money
T03296;9/02/2025;C135;P049;S003;2;0.15;Cash
T03297;5/02/2024;C074;P040;S002;3;0.1;Credit Card
T03298;3/11/2023;C110;P045;S001;4;0;Mobile Money
T03299;25/06/2025;C090;P040;S003;2;0.15;Credit Card
T03300;21/11/2023;C177;P036;S003;4;0.15;Bank Transfer
T03301;28/04/2025;C042;P043;S004;2;0.15;Credit Card
T03302;25/04/2024;C005;P033;S002;4;0.15;Credit Card
T03303;29/06/2025;C142;P013;S005;2;0;Bank Transfer
T03304;22/05/2025;C185;P040;S003;5;0.1;Cash
T03305;27/09/2023;C070;P010;S005;3;0.15;Cash
T03306;13/07/2025;C017;P030;S005;1;0.05;Bank Transfer
T03307;13/06/2024;C065;P030;S002;5;0.05;Mobile Money
T03308;17/11/2024;C136;P033;S001;2;0;Bank Transfer
T03309;9/01/2025;C197;P042;S005;4;0.1;Cash
T03310;22/07/2025;C124;P042;S002;2;0;Bank Transfer
T03311;3/10/2024;C185;P038;S004;3;0.1;Credit Card
T03312;9/05/2025;C161;P043;S004;5;0.1;Cash
T03313;1/11/2023;C098;P034;S004;5;0.05;Credit Card
T03314;10/08/2024;C084;P006;S001;3;0.1;Mobile Money
T03315;7/08/2025;C195;P015;S002;5;0.1;Mobile Money
T03316;15/09/2023;C059;P012;S004;5;0;Cash
T03317;24/06/2024;C027;P033;S005;2;0.05;Mobile Money
T03318;25/02/2024;C012;P037;S002;4;0.15;Cash
T03319;18/10/2023;C027;P049;S005;4;0.05;Credit Card
T03320;10/06/2024;C189;P048;S002;2;0.1;Cash
T03321;25/10/2023;C010;P043;S003;1;0.15;Cash
T03322;16/08/2025;C072;P023;S005;4;0.05;Cash
T03323;31/01/2024;C088;P035;S002;5;0;Cash
T03324;9/09/2024;C065;P023;S005;5;0.05;Cash
T03325;20/07/2025;C122;P049;S003;5;0.05;Cash
T03326;6/11/2023;C126;P002;S002;4;0.1;Cash
T03327;8/04/2025;C023;P047;S005;5;0.05;Bank Transfer
T03328;5/12/2024;C001;P010;S004;3;0.1;Mobile Money
T03329;23/08/2025;C143;P022;S002;1;0;Cash
T03330;21/02/2024;C171;P045;S003;2;0.05;Credit Card
T03331;9/04/2024;C060;P037;S001;2;0.05;Credit Card
T03332;4/01/2024;C051;P020;S002;3;0.15;Cash
T03333;29/10/2024;C170;P046;S004;2;0.05;Cash
T03334;9/07/2024;C031;P042;S002;3;0.1;Mobile Money
T03335;4/04/2025;C040;P009;S001;2;0.15;Mobile Money
T03336;5/03/2024;C002;P042;S002;3;0;Credit Card
T03337;16/08/2025;C176;P012;S004;1;0;Credit Card
T03338;2/06/2024;C055;P024;S001;2;0.15;Cash
T03339;30/12/2024;C112;P037;S002;2;0.1;Bank Transfer
T03340;25/06/2024;C116;P025;S002;5;0.05;Mobile Money
T03341;27/02/2025;C109;P043;S002;5;0.15;Bank Transfer
T03342;28/03/2024;C081;P013;S003;5;0.05;Cash
T03343;22/04/2025;C051;P045;S004;3;0.15;Mobile Money
T03344;17/07/2024;C024;P039;S005;1;0.05;Cash
T03345;13/12/2023;C059;P013;S005;1;0.15;Mobile Money
T03346;20/06/2024;C167;P022;S005;2;0;Credit Card
T03347;1/09/2024;C138;P010;S002;2;0.05;Cash
T03348;29/10/2024;C131;P033;S005;5;0;Credit Card
T03349;13/01/2025;C138;P014;S005;1;0.1;Cash
T03350;20/04/2024;C067;P047;S003;3;0.05;Credit Card
T03351;14/04/2024;C012;P045;S004;4;0.05;Credit Card
T03352;6/10/2023;C057;P007;S001;5;0.05;Mobile Money
T03353;8/04/2024;C019;P022;S004;5;0;Bank Transfer
T03354;26/12/2024;C118;P029;S002;3;0.1;Cash
T03355;30/10/2024;C009;P031;S001;1;0;Cash
T03356;29/10/2024;C022;P007;S003;2;0;Cash
T03357;5/06/2024;C177;P050;S002;4;0;Mobile Money
T03358;23/12/2024;C138;P042;S003;1;0;Credit Card
T03359;24/01/2025;C091;P007;S003;4;0;Bank Transfer
T03360;14/11/2023;C193;P030;S003;3;0.05;Cash
T03361;11/04/2025;C140;P002;S002;5;0.15;Bank Transfer
T03362;20/05/2025;C126;P008;S005;1;0.05;Credit Card
T03363;24/01/2024;C196;P031;S003;5;0;Bank Transfer
T03364;30/11/2024;C098;P040;S004;1;0.15;Mobile Money
T03365;6/07/2024;C007;P008;S001;5;0;Cash
T03366;25/02/2025;C170;P046;S003;2;0.15;Bank Transfer
T03367;18/05/2024;C163;P016;S003;1;0.1;Bank Transfer
T03368;30/03/2024;C136;P046;S002;4;0.15;Cash
T03369;26/10/2024;C061;P018;S004;2;0.1;Credit Card
T03370;17/01/2024;C083;P039;S003;1;0.1;Bank Transfer
T03371;12/01/2024;C044;P015;S005;4;0;Cash
T03372;13/03/2025;C161;P028;S004;1;0.15;Credit Card
T03373;11/02/2024;C062;P014;S004;5;0.15;Bank Transfer
T03374;21/05/2024;C005;P027;S005;5;0.05;Credit Card
T03375;5/11/2024;C017;P012;S001;3;0;Cash
T03376;6/02/2024;C101;P013;S003;5;0;Cash
T03377;22/03/2024;C067;P023;S003;2;0.15;Mobile Money
T03378;31/08/2024;C064;P009;S005;2;0.15;Credit Card
T03379;3/11/2024;C136;P049;S001;4;0.1;Credit Card
T03380;3/09/2025;C040;P021;S001;2;0.15;Bank Transfer
T03381;17/05/2025;C186;P015;S002;5;0.1;Mobile Money
T03382;7/06/2025;C077;P023;S002;1;0.05;Mobile Money
T03383;23/04/2024;C194;P038;S002;3;0.15;Credit Card
T03384;18/03/2024;C027;P042;S003;3;0;Mobile Money
T03385;12/05/2024;C011;P011;S004;3;0.15;Credit Card
T03386;6/05/2025;C091;P044;S003;3;0;Credit Card
T03387;5/03/2025;C104;P023;S002;3;0.1;Credit Card
T03388;24/03/2024;C076;P044;S002;1;0;Mobile Money
T03389;22/04/2024;C097;P009;S003;4;0.1;Bank Transfer
T03390;19/12/2024;C132;P021;S005;5;0;Credit Card
T03391;24/07/2025;C188;P007;S001;3;0.05;Credit Card
T03392;7/10/2023;C071;P031;S003;2;0.15;Cash
T03393;17/09/2023;C173;P007;S003;1;0.1;Cash
T03394;4/06/2025;C075;P049;S002;2;0.05;Credit Card
T03395;23/01/2025;C196;P003;S003;2;0.1;Bank Transfer
T03396;8/02/2024;C182;P018;S001;4;0.05;Credit Card
T03397;20/12/2024;C027;P002;S001;1;0.15;Mobile Money
T03398;29/12/2024;C185;P020;S001;5;0;Credit Card
T03399;10/11/2023;C062;P002;S005;1;0.05;Mobile Money
T03400;16/09/2024;C056;P040;S002;4;0.1;Credit Card
T03401;9/07/2025;C011;P026;S004;1;0;Cash
T03402;4/06/2024;C193;P039;S005;5;0.15;Bank Transfer
T03403;12/12/2024;C100;P029;S001;4;0.15;Cash
T03404;10/08/2025;C003;P013;S002;2;0;Cash
T03405;3/05/2024;C151;P032;S001;3;0.15;Cash
T03406;24/04/2024;C141;P019;S002;5;0;Credit Card
T03407;8/07/2025;C177;P018;S004;3;0.15;Mobile Money
T03408;15/04/2025;C068;P026;S003;5;0;Mobile Money
T03409;6/09/2025;C001;P019;S005;2;0.15;Bank Transfer
T03410;29/07/2024;C157;P044;S003;2;0;Cash
T03411;22/11/2024;C080;P048;S005;1;0;Bank Transfer
T03412;17/06/2025;C028;P026;S005;3;0.05;Credit Card
T03413;6/09/2025;C102;P027;S005;4;0.1;Cash
T03414;24/09/2023;C151;P022;S002;4;0.05;Credit Card
T03415;24/07/2024;C186;P025;S002;2;0.05;Cash
T03416;30/05/2025;C062;P034;S004;3;0.1;Bank Transfer
T03417;14/02/2025;C108;P026;S001;1;0.1;Cash
T03418;7/01/2024;C179;P048;S003;2;0.15;Cash
T03419;23/03/2024;C094;P038;S001;3;0.05;Mobile Money
T03420;4/03/2025;C102;P023;S004;4;0;Cash
T03421;30/06/2025;C030;P037;S002;4;0;Cash
T03422;7/06/2024;C050;P010;S001;5;0.05;Bank Transfer
T03423;24/02/2024;C100;P035;S004;5;0;Cash
T03424;13/10/2023;C099;P024;S002;4;0;Bank Transfer
T03425;15/05/2024;C191;P015;S002;1;0.05;Credit Card
T03426;23/09/2024;C066;P010;S003;3;0;Mobile Money
T03427;5/09/2025;C131;P044;S005;2;0.15;Cash
T03428;24/04/2024;C125;P009;S004;4;0.05;Credit Card
T03429;5/04/2024;C135;P035;S003;3;0;Cash
T03430;9/08/2024;C062;P031;S003;5;0;Mobile Money
T03431;23/04/2025;C200;P029;S002;3;0.1;Credit Card
T03432;17/07/2024;C123;P005;S005;5;0.05;Mobile Money
T03433;9/09/2024;C012;P048;S002;2;0.1;Cash
T03434;23/04/2024;C014;P034;S001;3;0.15;Cash
T03435;5/12/2023;C156;P012;S001;5;0.1;Cash
T03436;8/07/2025;C075;P049;S003;5;0.05;Cash
T03437;12/06/2025;C183;P048;S004;3;0.05;Mobile Money
T03438;20/01/2025;C194;P003;S005;5;0.15;Mobile Money
T03439;14/05/2025;C200;P024;S003;5;0.15;Cash
T03440;4/01/2024;C134;P036;S003;2;0.1;Mobile Money
T03441;26/07/2024;C164;P035;S005;2;0.05;Bank Transfer
T03442;8/06/2025;C145;P006;S001;3;0;Bank Transfer
T03443;13/04/2024;C146;P024;S005;2;0.05;Credit Card
T03444;9/12/2024;C028;P015;S002;2;0.1;Credit Card
T03445;18/04/2025;C199;P039;S004;4;0;Mobile Money
T03446;6/06/2025;C160;P016;S001;5;0.15;Credit Card
T03447;26/06/2025;C102;P041;S001;4;0.15;Cash
T03448;28/02/2025;C165;P030;S004;2;0.05;Bank Transfer
T03449;14/02/2025;C144;P039;S002;5;0.05;Bank Transfer
T03450;12/02/2024;C172;P040;S005;3;0.05;Credit Card
T03451;23/09/2023;C169;P015;S005;1;0.1;Cash
T03452;20/03/2024;C089;P015;S004;1;0.05;Mobile Money
T03453;8/05/2025;C088;P050;S001;5;0.05;Mobile Money
T03454;2/09/2024;C152;P043;S003;5;0.05;Mobile Money
T03455;3/07/2024;C170;P047;S003;1;0.15;Mobile Money
T03456;2/10/2023;C089;P044;S004;1;0.05;Cash
T03457;26/10/2024;C144;P035;S004;4;0;Credit Card
T03458;27/05/2024;C197;P013;S002;5;0.1;Bank Transfer
T03459;30/07/2025;C193;P033;S001;3;0.05;Bank Transfer
T03460;17/12/2023;C103;P010;S005;2;0.05;Bank Transfer
T03461;30/12/2023;C131;P029;S003;1;0;Credit Card
T03462;1/08/2025;C123;P049;S002;1;0;Mobile Money
T03463;21/04/2025;C154;P023;S004;4;0;Cash
T03464;29/10/2024;C030;P017;S004;5;0.05;Cash
T03465;19/02/2024;C021;P038;S002;5;0.1;Cash
T03466;14/08/2025;C013;P015;S001;4;0;Bank Transfer
T03467;17/11/2023;C021;P017;S003;5;0;Bank Transfer
T03468;23/11/2023;C014;P006;S004;4;0.05;Credit Card
T03469;17/01/2024;C150;P034;S004;4;0.05;Cash
T03470;6/04/2024;C187;P044;S003;2;0.1;Bank Transfer
T03471;31/07/2024;C005;P034;S004;4;0.15;Bank Transfer
T03472;9/09/2025;C101;P023;S002;1;0.15;Credit Card
T03473;13/03/2024;C186;P013;S004;4;0.05;Credit Card
T03474;12/07/2024;C089;P036;S001;5;0;Mobile Money
T03475;10/03/2024;C186;P035;S004;4;0;Credit Card
T03476;29/07/2025;C145;P007;S005;1;0.1;Cash
T03477;13/06/2025;C102;P048;S005;5;0.1;Cash
T03478;4/06/2024;C050;P050;S002;2;0.15;Credit Card
T03479;16/10/2023;C023;P029;S002;3;0.1;Credit Card
T03480;9/01/2025;C052;P032;S003;4;0;Mobile Money
T03481;15/05/2024;C140;P050;S001;4;0;Credit Card
T03482;14/09/2023;C043;P004;S001;1;0.05;Cash
T03483;21/02/2025;C098;P038;S001;2;0.15;Credit Card
T03484;28/04/2024;C132;P006;S003;2;0.15;Mobile Money
T03485;6/11/2023;C140;P016;S005;3;0.15;Cash
T03486;11/12/2023;C049;P033;S002;4;0;Bank Transfer
T03487;29/03/2024;C079;P032;S003;5;0;Credit Card
T03488;25/05/2024;C149;P009;S003;1;0.05;Mobile Money
T03489;29/12/2023;C076;P020;S005;1;0;Mobile Money
T03490;25/03/2024;C071;P049;S003;1;0.05;Mobile Money
T03491;15/07/2024;C053;P037;S003;1;0.15;Mobile Money
T03492;15/03/2024;C137;P049;S001;2;0.15;Mobile Money
T03493;21/04/2024;C171;P033;S005;2;0.05;Cash
T03494;8/12/2023;C004;P018;S002;1;0.15;Credit Card
T03495;3/04/2025;C027;P040;S002;3;0.15;Credit Card
T03496;3/12/2024;C147;P020;S005;3;0.15;Mobile Money
T03497;11/03/2024;C060;P047;S004;2;0.05;Cash
T03498;10/08/2025;C132;P014;S002;5;0.1;Mobile Money
T03499;12/04/2025;C008;P031;S003;2;0.15;Cash
T03500;17/08/2025;C127;P032;S005;5;0.15;Mobile Money
T03501;22/08/2024;C175;P029;S001;4;0.15;Cash
T03502;14/02/2025;C104;P049;S004;2;0.15;Credit Card
T03503;6/09/2025;C004;P047;S003;1;0.15;Credit Card
T03504;20/03/2025;C022;P031;S002;2;0.05;Bank Transfer
T03505;15/04/2025;C084;P029;S002;1;0.15;Bank Transfer
T03506;4/03/2025;C004;P045;S003;5;0.15;Cash
T03507;8/09/2024;C176;P005;S003;4;0.05;Cash
T03508;20/10/2024;C134;P024;S002;1;0.05;Bank Transfer
T03509;9/02/2024;C146;P039;S004;4;0;Bank Transfer
T03510;18/02/2024;C061;P048;S004;5;0.1;Cash
T03511;1/05/2024;C041;P006;S002;1;0.1;Cash
T03512;2/11/2024;C155;P023;S002;5;0.15;Bank Transfer
T03513;6/01/2025;C130;P032;S003;2;0.1;Bank Transfer
T03514;26/02/2025;C189;P034;S005;5;0;Cash
T03515;9/06/2024;C073;P013;S003;4;0.15;Cash
T03516;31/01/2025;C178;P027;S004;1;0.1;Credit Card
T03517;27/02/2024;C061;P010;S005;4;0.15;Mobile Money
T03518;6/03/2024;C123;P015;S002;5;0.05;Cash
T03519;19/04/2025;C158;P001;S004;3;0.15;Cash
T03520;13/03/2024;C158;P041;S001;4;0.15;Mobile Money
T03521;24/02/2025;C099;P050;S005;2;0.15;Mobile Money
T03522;30/08/2024;C184;P021;S002;2;0.1;Credit Card
T03523;30/01/2024;C127;P049;S001;5;0.1;Cash
T03524;30/08/2025;C103;P040;S002;2;0.1;Cash
T03525;28/03/2024;C179;P039;S003;1;0.1;Mobile Money
T03526;27/02/2025;C098;P035;S005;3;0.15;Cash
T03527;21/06/2024;C008;P017;S001;2;0.1;Credit Card
T03528;26/11/2024;C200;P040;S003;3;0.1;Bank Transfer
T03529;29/04/2025;C047;P008;S005;4;0.15;Mobile Money
T03530;20/06/2024;C051;P017;S002;3;0.1;Credit Card
T03531;9/02/2024;C164;P029;S002;2;0.1;Mobile Money
T03532;7/03/2025;C057;P019;S002;5;0;Bank Transfer
T03533;24/11/2023;C104;P042;S002;3;0;Bank Transfer
T03534;20/08/2024;C048;P022;S005;3;0.15;Credit Card
T03535;18/06/2025;C088;P024;S004;2;0.05;Mobile Money
T03536;3/01/2024;C151;P031;S002;2;0.1;Bank Transfer
T03537;28/01/2024;C027;P046;S002;5;0;Mobile Money
T03538;18/09/2023;C095;P050;S003;1;0.15;Bank Transfer
T03539;3/05/2025;C099;P006;S005;3;0;Bank Transfer
T03540;22/02/2025;C194;P046;S004;3;0.1;Credit Card
T03541;13/03/2024;C002;P032;S002;3;0;Cash
T03542;11/04/2025;C029;P014;S004;5;0.15;Credit Card
T03543;20/09/2023;C013;P015;S002;5;0.1;Credit Card
T03544;22/12/2023;C069;P037;S001;1;0.1;Credit Card
T03545;13/06/2025;C101;P024;S003;1;0.1;Bank Transfer
T03546;17/10/2023;C117;P015;S001;3;0.1;Credit Card
T03547;25/06/2024;C028;P025;S002;2;0.1;Credit Card
T03548;6/12/2024;C108;P021;S004;5;0;Credit Card
T03549;30/09/2024;C110;P002;S004;3;0;Cash
T03550;5/01/2025;C159;P046;S003;2;0;Bank Transfer
T03551;25/07/2025;C198;P002;S001;1;0.1;Credit Card
T03552;18/08/2025;C117;P037;S004;5;0;Mobile Money
T03553;22/02/2024;C144;P027;S001;5;0.05;Mobile Money
T03554;18/11/2023;C002;P022;S003;3;0.05;Credit Card
T03555;12/10/2024;C132;P017;S005;5;0.1;Mobile Money
T03556;23/02/2025;C042;P029;S002;3;0.15;Mobile Money
T03557;4/02/2024;C015;P013;S003;5;0.15;Mobile Money
T03558;12/06/2024;C138;P027;S004;3;0.1;Credit Card
T03559;13/05/2024;C036;P003;S004;3;0.1;Bank Transfer
T03560;29/01/2024;C139;P013;S003;5;0.15;Bank Transfer
T03561;10/08/2024;C082;P030;S005;3;0.05;Credit Card
T03562;27/08/2025;C078;P031;S005;1;0;Mobile Money
T03563;22/11/2023;C086;P038;S001;2;0;Cash
T03564;18/04/2025;C011;P031;S002;3;0.1;Credit Card
T03565;5/01/2025;C151;P032;S002;1;0.05;Credit Card
T03566;18/01/2025;C165;P007;S001;3;0.1;Cash
T03567;2/12/2024;C054;P034;S001;3;0.1;Mobile Money
T03568;19/05/2025;C009;P015;S005;2;0.15;Credit Card
T03569;7/08/2025;C175;P018;S001;3;0.1;Bank Transfer
T03570;30/08/2024;C134;P002;S005;5;0.15;Mobile Money
T03571;1/01/2025;C151;P040;S005;4;0.05;Mobile Money
T03572;23/07/2025;C177;P021;S002;4;0.15;Mobile Money
T03573;2/09/2024;C185;P011;S003;4;0.05;Cash
T03574;10/12/2024;C034;P048;S003;5;0.05;Bank Transfer
T03575;21/03/2025;C074;P002;S002;1;0.05;Credit Card
T03576;1/06/2024;C182;P023;S005;1;0.05;Credit Card
T03577;26/01/2024;C017;P028;S002;2;0.05;Cash
T03578;22/02/2024;C161;P041;S003;5;0;Cash
T03579;22/09/2023;C097;P034;S001;1;0.05;Mobile Money
T03580;8/08/2024;C068;P012;S004;2;0.05;Mobile Money
T03581;27/03/2024;C089;P048;S001;5;0.05;Mobile Money
T03582;22/08/2024;C104;P012;S005;1;0.15;Credit Card
T03583;11/01/2024;C047;P010;S003;4;0.15;Bank Transfer
T03584;19/02/2024;C067;P022;S003;5;0.1;Mobile Money
T03585;28/07/2024;C035;P007;S004;2;0;Bank Transfer
T03586;5/01/2025;C037;P009;S005;1;0.15;Mobile Money
T03587;25/06/2024;C169;P022;S005;2;0;Mobile Money
T03588;3/05/2024;C014;P020;S005;2;0.15;Cash
T03589;11/10/2023;C166;P011;S004;2;0;Mobile Money
T03590;20/09/2023;C176;P016;S002;2;0.15;Credit Card
T03591;7/02/2025;C145;P013;S005;2;0;Bank Transfer
T03592;1/04/2025;C047;P023;S002;2;0.05;Mobile Money
T03593;15/11/2024;C044;P048;S001;4;0.1;Cash
T03594;29/06/2025;C164;P019;S003;2;0.05;Credit Card
T03595;25/04/2025;C043;P024;S003;3;0.05;Credit Card
T03596;18/08/2025;C082;P039;S005;3;0.1;Mobile Money
T03597;3/02/2024;C032;P033;S004;4;0.15;Credit Card
T03598;12/09/2024;C042;P045;S004;3;0.05;Cash
T03599;9/04/2025;C147;P006;S003;3;0.1;Mobile Money
T03600;12/03/2024;C157;P002;S001;2;0.15;Mobile Money
T03601;10/06/2024;C001;P029;S002;5;0.05;Mobile Money
T03602;23/02/2025;C018;P006;S002;1;0.1;Credit Card
T03603;7/07/2024;C171;P022;S005;4;0.15;Cash
T03604;11/05/2025;C055;P034;S004;3;0.05;Credit Card
T03605;15/06/2025;C034;P021;S002;1;0;Credit Card
T03606;10/02/2025;C094;P024;S004;1;0.05;Credit Card
T03607;3/04/2025;C010;P047;S001;3;0.15;Mobile Money
T03608;24/04/2025;C133;P031;S005;5;0.15;Bank Transfer
T03609;29/11/2023;C176;P014;S002;3;0.1;Credit Card
T03610;5/12/2023;C061;P011;S005;4;0;Cash
T03611;11/04/2024;C052;P035;S001;3;0.1;Credit Card
T03612;21/11/2024;C100;P014;S001;5;0.1;Cash
T03613;9/11/2023;C118;P012;S001;3;0.05;Credit Card
T03614;12/08/2025;C187;P020;S005;1;0;Credit Card
T03615;1/10/2023;C165;P026;S005;2;0.1;Cash
T03616;5/10/2024;C024;P041;S003;2;0.15;Bank Transfer
T03617;2/10/2024;C168;P048;S005;2;0;Credit Card
T03618;29/04/2024;C002;P016;S005;4;0.15;Cash
T03619;10/06/2024;C054;P001;S005;4;0;Cash
T03620;9/02/2024;C038;P044;S004;1;0.05;Credit Card
T03621;29/08/2024;C030;P008;S002;2;0;Mobile Money
T03622;3/11/2024;C105;P049;S004;2;0;Cash
T03623;13/05/2025;C156;P020;S001;1;0;Mobile Money
T03624;26/05/2024;C104;P026;S001;2;0.05;Cash
T03625;26/05/2024;C031;P015;S005;1;0.15;Credit Card
T03626;13/06/2024;C186;P001;S003;5;0.15;Credit Card
T03627;27/07/2025;C051;P023;S005;2;0;Bank Transfer
T03628;19/09/2024;C147;P007;S002;4;0.15;Bank Transfer
T03629;7/03/2024;C054;P047;S005;1;0.05;Mobile Money
T03630;25/12/2024;C167;P017;S003;5;0;Credit Card
T03631;17/07/2024;C196;P022;S003;2;0;Cash
T03632;21/02/2025;C073;P030;S001;5;0.15;Credit Card
T03633;28/10/2023;C087;P020;S001;5;0.1;Credit Card
T03634;30/06/2025;C039;P018;S005;3;0.15;Credit Card
T03635;21/11/2024;C005;P018;S005;2;0.1;Bank Transfer
T03636;19/01/2025;C185;P013;S004;1;0;Credit Card
T03637;9/07/2024;C184;P004;S005;5;0.1;Credit Card
T03638;17/09/2024;C200;P036;S005;4;0;Cash
T03639;9/04/2025;C059;P050;S004;1;0.05;Bank Transfer
T03640;10/06/2025;C049;P035;S004;3;0.1;Bank Transfer
T03641;18/11/2023;C100;P046;S003;2;0.05;Cash
T03642;30/04/2024;C067;P025;S001;2;0;Credit Card
T03643;29/12/2023;C124;P013;S001;4;0;Bank Transfer
T03644;22/11/2024;C158;P041;S002;4;0.05;Mobile Money
T03645;17/07/2024;C072;P036;S001;2;0;Mobile Money
T03646;17/10/2024;C185;P007;S001;4;0.15;Cash
T03647;29/03/2024;C106;P014;S002;2;0.05;Bank Transfer
T03648;21/09/2023;C136;P024;S001;3;0.1;Bank Transfer
T03649;18/02/2024;C041;P003;S001;2;0.1;Cash
T03650;22/09/2024;C064;P029;S001;1;0;Bank Transfer
T03651;14/01/2024;C104;P034;S004;5;0.15;Bank Transfer
T03652;14/05/2024;C109;P008;S003;5;0;Bank Transfer
T03653;6/09/2024;C114;P043;S005;3;0.1;Bank Transfer
T03654;26/01/2025;C109;P008;S002;2;0.1;Mobile Money
T03655;29/01/2025;C028;P047;S002;3;0.15;Mobile Money
T03656;24/09/2024;C001;P026;S001;1;0;Cash
T03657;29/08/2025;C132;P046;S001;1;0.05;Cash
T03658;30/07/2025;C189;P039;S004;5;0.05;Cash
T03659;4/02/2024;C116;P007;S004;3;0;Mobile Money
T03660;12/05/2025;C042;P042;S004;5;0;Cash
T03661;21/07/2024;C133;P042;S001;3;0.15;Cash
T03662;8/06/2024;C038;P029;S005;1;0;Bank Transfer
T03663;15/06/2024;C181;P050;S001;4;0;Credit Card
T03664;31/07/2024;C131;P032;S001;4;0.15;Cash
T03665;26/05/2025;C064;P023;S001;4;0.05;Bank Transfer
T03666;5/10/2023;C021;P038;S001;3;0.1;Bank Transfer
T03667;1/10/2023;C126;P042;S003;2;0.15;Credit Card
T03668;18/05/2025;C030;P015;S002;1;0;Mobile Money
T03669;12/02/2024;C047;P046;S003;5;0.1;Mobile Money
T03670;7/01/2025;C110;P028;S004;5;0.1;Mobile Money
T03671;15/08/2025;C008;P048;S002;1;0;Bank Transfer
T03672;26/09/2024;C051;P035;S002;5;0.15;Credit Card
T03673;21/06/2025;C113;P022;S003;4;0.15;Mobile Money
T03674;21/05/2025;C039;P026;S001;3;0;Credit Card
T03675;22/11/2024;C036;P003;S004;1;0;Cash
T03676;13/08/2024;C069;P039;S004;4;0.15;Cash
T03677;30/10/2024;C080;P032;S003;5;0;Cash
T03678;15/03/2024;C030;P014;S001;4;0.15;Mobile Money
T03679;2/03/2025;C032;P029;S003;1;0;Bank Transfer
T03680;1/12/2023;C150;P018;S002;5;0;Bank Transfer
T03681;14/04/2025;C147;P029;S001;3;0.05;Cash
T03682;21/08/2024;C082;P025;S002;1;0.1;Cash
T03683;27/10/2024;C151;P015;S003;5;0.15;Mobile Money
T03684;21/04/2025;C156;P048;S005;4;0.05;Cash
T03685;6/07/2025;C051;P028;S004;5;0.15;Cash
T03686;20/06/2025;C107;P048;S004;5;0.1;Cash
T03687;11/03/2024;C106;P016;S004;1;0.05;Credit Card
T03688;27/09/2023;C125;P036;S003;1;0.15;Mobile Money
T03689;16/06/2025;C147;P013;S003;2;0.05;Credit Card
T03690;23/06/2025;C196;P045;S003;4;0.05;Credit Card
T03691;1/02/2025;C189;P019;S005;5;0.1;Cash
T03692;15/01/2025;C157;P003;S004;1;0;Bank Transfer
T03693;11/10/2024;C043;P028;S004;2;0;Credit Card
T03694;24/04/2025;C120;P050;S001;5;0.15;Credit Card
T03695;14/03/2025;C028;P028;S001;4;0;Credit Card
T03696;5/04/2024;C170;P021;S001;3;0;Cash
T03697;9/01/2024;C061;P007;S003;5;0.15;Credit Card
T03698;20/01/2025;C029;P045;S001;4;0;Bank Transfer
T03699;7/03/2025;C170;P022;S005;1;0;Mobile Money
T03700;25/12/2023;C067;P002;S003;5;0.05;Credit Card
T03701;18/09/2023;C195;P048;S001;4;0.1;Credit Card
T03702;13/10/2024;C147;P026;S004;5;0.1;Mobile Money
T03703;17/12/2023;C003;P046;S005;2;0;Cash
T03704;11/01/2025;C067;P024;S005;1;0.15;Mobile Money
T03705;17/02/2024;C082;P026;S004;1;0.05;Credit Card
T03706;29/09/2023;C098;P047;S005;1;0.1;Mobile Money
T03707;8/02/2024;C024;P001;S001;2;0.15;Bank Transfer
T03708;14/08/2024;C043;P011;S005;4;0.05;Mobile Money
T03709;2/07/2025;C186;P044;S004;5;0.15;Cash
T03710;8/01/2025;C069;P016;S001;5;0.1;Credit Card
T03711;21/11/2024;C183;P028;S001;3;0;Mobile Money
T03712;14/09/2024;C029;P009;S003;4;0;Mobile Money
T03713;26/11/2024;C142;P032;S002;2;0.15;Bank Transfer
T03714;5/07/2025;C173;P046;S005;5;0.05;Bank Transfer
T03715;16/06/2025;C186;P047;S004;3;0;Mobile Money
T03716;31/12/2023;C149;P012;S004;2;0.1;Cash
T03717;27/09/2023;C155;P018;S004;3;0.15;Mobile Money
T03718;18/01/2025;C140;P026;S002;3;0.15;Cash
T03719;18/06/2025;C069;P030;S004;5;0.1;Credit Card
T03720;18/03/2025;C017;P037;S004;1;0.05;Bank Transfer
T03721;16/03/2025;C027;P003;S004;2;0.05;Bank Transfer
T03722;30/08/2024;C149;P008;S002;4;0.1;Credit Card
T03723;2/09/2025;C001;P014;S005;5;0.05;Bank Transfer
T03724;18/07/2025;C137;P045;S004;5;0.05;Cash
T03725;21/02/2024;C112;P047;S002;3;0.15;Mobile Money
T03726;3/11/2024;C039;P011;S005;4;0;Mobile Money
T03727;16/10/2024;C006;P010;S005;1;0;Bank Transfer
T03728;10/02/2025;C019;P044;S002;1;0.05;Bank Transfer
T03729;28/05/2024;C170;P037;S005;2;0.05;Mobile Money
T03730;23/06/2025;C028;P040;S002;2;0.15;Mobile Money
T03731;6/11/2024;C001;P010;S003;2;0.05;Cash
T03732;9/02/2025;C066;P034;S003;5;0;Mobile Money
T03733;2/08/2025;C086;P047;S001;2;0.1;Bank Transfer
T03734;9/09/2025;C193;P028;S003;4;0.05;Bank Transfer
T03735;10/12/2023;C032;P005;S005;1;0.15;Bank Transfer
T03736;7/03/2024;C167;P040;S001;2;0.1;Bank Transfer
T03737;24/12/2023;C008;P032;S005;4;0.15;Cash
T03738;30/09/2023;C121;P042;S004;1;0.05;Bank Transfer
T03739;12/08/2024;C153;P049;S005;5;0;Cash
T03740;21/05/2024;C103;P029;S004;5;0.05;Cash
T03741;15/05/2025;C070;P013;S001;4;0.1;Mobile Money
T03742;22/05/2024;C133;P027;S001;2;0.1;Credit Card
T03743;20/10/2024;C101;P015;S004;3;0.15;Credit Card
T03744;27/06/2024;C179;P002;S005;4;0.15;Bank Transfer
T03745;8/01/2025;C130;P037;S004;5;0.1;Cash
T03746;23/06/2025;C084;P023;S003;5;0.1;Bank Transfer
T03747;7/10/2023;C169;P031;S001;1;0;Credit Card
T03748;13/08/2025;C185;P023;S005;2;0;Mobile Money
T03749;5/06/2024;C093;P013;S002;4;0;Bank Transfer
T03750;29/01/2025;C030;P038;S001;4;0;Mobile Money
T03751;21/12/2024;C175;P023;S001;2;0.15;Credit Card
T03752;11/06/2024;C108;P008;S003;2;0.15;Credit Card
T03753;12/05/2025;C026;P031;S005;5;0.1;Bank Transfer
T03754;19/07/2025;C096;P027;S005;1;0.15;Mobile Money
T03755;23/12/2024;C002;P029;S001;1;0.1;Credit Card
T03756;15/03/2024;C077;P035;S005;5;0.1;Credit Card
T03757;11/02/2024;C013;P031;S003;4;0.15;Bank Transfer
T03758;14/02/2025;C190;P030;S005;5;0.15;Mobile Money
T03759;18/11/2023;C128;P048;S004;1;0.1;Mobile Money
T03760;13/04/2024;C068;P023;S002;1;0.1;Bank Transfer
T03761;12/11/2024;C109;P005;S003;4;0.15;Bank Transfer
T03762;26/05/2025;C138;P044;S001;5;0.15;Bank Transfer
T03763;9/04/2024;C197;P005;S003;2;0.05;Cash
T03764;1/07/2025;C109;P001;S002;2;0.1;Bank Transfer
T03765;6/08/2025;C104;P040;S004;2;0.05;Mobile Money
T03766;2/11/2023;C087;P039;S003;1;0;Mobile Money
T03767;7/09/2025;C162;P027;S003;5;0.1;Credit Card
T03768;23/06/2025;C014;P022;S001;4;0.05;Credit Card
T03769;3/11/2023;C031;P033;S002;2;0.1;Credit Card
T03770;15/03/2025;C196;P017;S004;4;0.15;Mobile Money
T03771;18/08/2024;C080;P030;S004;2;0.1;Cash
T03772;5/01/2024;C100;P049;S001;1;0;Credit Card
T03773;24/04/2024;C072;P027;S001;1;0.1;Bank Transfer
T03774;22/07/2024;C137;P029;S005;4;0;Cash
T03775;3/01/2025;C195;P013;S005;1;0;Mobile Money
T03776;21/05/2025;C151;P027;S005;4;0.15;Mobile Money
T03777;9/05/2024;C144;P021;S002;2;0;Credit Card
T03778;6/02/2025;C148;P048;S005;3;0.15;Cash
T03779;19/11/2023;C070;P004;S004;2;0.15;Bank Transfer
T03780;28/03/2024;C043;P034;S004;1;0.05;Cash
T03781;31/03/2024;C043;P005;S001;2;0.1;Credit Card
T03782;8/06/2025;C189;P029;S004;3;0.05;Mobile Money
T03783;24/09/2024;C089;P046;S005;4;0;Mobile Money
T03784;26/12/2023;C142;P019;S003;2;0.1;Bank Transfer
T03785;8/09/2025;C132;P022;S002;3;0.05;Cash
T03786;30/03/2025;C172;P043;S005;2;0.1;Bank Transfer
T03787;4/02/2025;C093;P042;S003;1;0;Mobile Money
T03788;11/04/2025;C066;P017;S003;3;0.1;Mobile Money
T03789;22/11/2023;C087;P042;S002;2;0;Cash
T03790;27/03/2025;C036;P028;S002;2;0.15;Bank Transfer
T03791;29/03/2025;C198;P013;S005;5;0.15;Cash
T03792;16/01/2025;C116;P031;S004;4;0.05;Credit Card
T03793;10/03/2025;C171;P046;S003;2;0.15;Credit Card
T03794;17/08/2024;C008;P021;S002;5;0.15;Credit Card
T03795;8/01/2025;C019;P001;S004;3;0;Cash
T03796;26/09/2023;C018;P018;S005;4;0.05;Cash
T03797;19/12/2024;C066;P022;S003;2;0;Mobile Money
T03798;26/07/2024;C156;P039;S002;3;0.05;Bank Transfer
T03799;25/06/2024;C160;P006;S002;3;0.05;Bank Transfer
T03800;20/12/2023;C004;P019;S001;1;0;Mobile Money
T03801;18/12/2024;C113;P041;S004;5;0.1;Cash
T03802;2/11/2024;C109;P034;S003;2;0.1;Bank Transfer
T03803;19/05/2024;C066;P016;S003;3;0.1;Mobile Money
T03804;14/05/2025;C014;P019;S005;2;0.1;Cash
T03805;14/02/2024;C122;P024;S005;5;0.05;Mobile Money
T03806;30/01/2025;C181;P046;S005;1;0;Bank Transfer
T03807;21/11/2023;C062;P045;S005;1;0.05;Mobile Money
T03808;2/12/2023;C129;P024;S005;3;0.15;Mobile Money
T03809;23/12/2024;C151;P022;S005;5;0.05;Cash
T03810;7/10/2023;C079;P036;S003;4;0.05;Mobile Money
T03811;4/07/2025;C027;P046;S003;4;0.05;Bank Transfer
T03812;15/10/2024;C097;P011;S002;1;0;Mobile Money
T03813;19/01/2024;C182;P048;S003;2;0.1;Credit Card
T03814;30/11/2023;C053;P005;S005;2;0.15;Credit Card
T03815;11/09/2023;C134;P007;S002;2;0;Credit Card
T03816;7/04/2024;C029;P042;S005;4;0;Mobile Money
T03817;9/07/2024;C041;P004;S005;2;0.05;Cash
T03818;17/05/2024;C183;P049;S005;5;0.05;Credit Card
T03819;23/09/2023;C038;P045;S001;1;0;Cash
T03820;5/02/2025;C048;P029;S002;2;0;Cash
T03821;16/04/2024;C017;P002;S005;4;0.15;Mobile Money
T03822;15/09/2023;C098;P024;S001;1;0;Mobile Money
T03823;27/09/2024;C184;P042;S004;1;0;Cash
T03824;3/07/2024;C076;P003;S002;3;0.15;Cash
T03825;27/04/2025;C074;P013;S001;2;0.1;Bank Transfer
T03826;24/10/2024;C167;P008;S002;1;0;Mobile Money
T03827;26/03/2025;C071;P015;S004;5;0.05;Credit Card
T03828;20/10/2023;C081;P010;S003;4;0.1;Cash
T03829;15/02/2025;C009;P050;S001;2;0;Mobile Money
T03830;27/05/2024;C193;P015;S004;2;0;Bank Transfer
T03831;7/07/2025;C072;P004;S003;5;0.15;Mobile Money
T03832;30/10/2023;C020;P039;S003;1;0;Mobile Money
T03833;19/08/2024;C111;P021;S004;4;0.1;Cash
T03834;14/09/2023;C019;P032;S001;4;0.1;Bank Transfer
T03835;14/01/2024;C023;P036;S001;2;0.1;Cash
T03836;28/11/2024;C115;P013;S005;3;0;Mobile Money
T03837;6/10/2024;C158;P014;S005;3;0.15;Cash
T03838;16/01/2025;C134;P037;S005;1;0.1;Credit Card
T03839;6/04/2025;C111;P026;S004;5;0.05;Bank Transfer
T03840;9/08/2025;C142;P023;S002;4;0.15;Credit Card
T03841;10/06/2024;C100;P001;S005;4;0;Credit Card
T03842;13/05/2024;C139;P038;S004;5;0;Mobile Money
T03843;30/01/2024;C136;P031;S004;5;0;Bank Transfer
T03844;17/06/2024;C008;P032;S003;5;0.15;Credit Card
T03845;5/09/2024;C093;P019;S004;1;0.15;Mobile Money
T03846;9/07/2025;C006;P021;S005;2;0.05;Cash
T03847;9/01/2025;C023;P049;S002;4;0.1;Mobile Money
T03848;7/11/2023;C162;P027;S005;5;0.05;Mobile Money
T03849;29/03/2025;C004;P030;S003;1;0;Bank Transfer
T03850;14/03/2024;C036;P047;S001;4;0.1;Bank Transfer
T03851;20/01/2025;C131;P030;S003;1;0.15;Mobile Money
T03852;1/02/2024;C117;P023;S003;1;0.05;Mobile Money
T03853;31/07/2025;C076;P027;S004;5;0.05;Cash
T03854;27/02/2024;C025;P040;S005;5;0.05;Bank Transfer
T03855;4/01/2025;C024;P029;S005;5;0.15;Credit Card
T03856;8/06/2025;C112;P030;S003;2;0.05;Credit Card
T03857;8/04/2024;C155;P020;S004;3;0;Mobile Money
T03858;23/10/2024;C014;P008;S003;3;0.1;Credit Card
T03859;8/05/2025;C027;P045;S005;3;0.1;Bank Transfer
T03860;27/01/2024;C125;P039;S001;3;0.15;Credit Card
T03861;17/11/2024;C001;P009;S005;2;0.05;Bank Transfer
T03862;3/05/2025;C128;P035;S001;5;0;Cash
T03863;10/10/2024;C017;P012;S004;2;0.1;Mobile Money
T03864;31/03/2024;C071;P009;S001;4;0.05;Credit Card
T03865;2/12/2023;C035;P020;S003;4;0.05;Credit Card
T03866;17/09/2024;C144;P010;S005;3;0.1;Cash
T03867;19/11/2024;C015;P005;S001;4;0.05;Credit Card
T03868;19/12/2023;C177;P046;S003;4;0.05;Cash
T03869;31/03/2025;C035;P010;S004;1;0.15;Bank Transfer
T03870;25/03/2024;C002;P049;S004;1;0;Bank Transfer
T03871;16/07/2025;C144;P023;S001;1;0;Bank Transfer
T03872;1/09/2025;C001;P012;S005;2;0.15;Cash
T03873;10/05/2025;C169;P029;S001;3;0.05;Mobile Money
T03874;29/06/2025;C021;P010;S001;3;0.05;Mobile Money
T03875;15/12/2024;C014;P014;S005;2;0.05;Cash
T03876;29/12/2024;C009;P041;S004;1;0.15;Bank Transfer
T03877;6/09/2024;C175;P010;S001;1;0.15;Bank Transfer
T03878;15/06/2025;C180;P036;S001;5;0.1;Bank Transfer
T03879;30/07/2024;C179;P017;S003;2;0.05;Mobile Money
T03880;11/10/2023;C106;P034;S005;5;0.05;Mobile Money
T03881;30/11/2024;C089;P019;S002;5;0.1;Bank Transfer
T03882;16/07/2024;C121;P008;S001;4;0;Credit Card
T03883;5/10/2024;C122;P036;S002;3;0;Credit Card
T03884;7/05/2024;C198;P043;S001;1;0.1;Bank Transfer
T03885;3/10/2023;C012;P024;S002;3;0.15;Credit Card
T03886;3/10/2024;C176;P042;S002;1;0.15;Bank Transfer
T03887;11/04/2024;C055;P044;S003;4;0.1;Credit Card
T03888;3/04/2024;C087;P021;S002;4;0;Mobile Money
T03889;23/03/2025;C070;P010;S005;4;0;Mobile Money
T03890;13/01/2025;C115;P001;S002;5;0.05;Bank Transfer
T03891;2/03/2025;C077;P018;S005;5;0.05;Bank Transfer
T03892;21/05/2024;C046;P039;S003;2;0.15;Bank Transfer
T03893;23/05/2024;C104;P025;S002;5;0;Bank Transfer
T03894;22/02/2025;C086;P032;S001;4;0.15;Bank Transfer
T03895;28/06/2025;C181;P028;S001;4;0.1;Mobile Money
T03896;28/12/2024;C159;P016;S003;3;0;Bank Transfer
T03897;16/02/2024;C102;P022;S002;2;0.05;Cash
T03898;13/06/2024;C153;P045;S001;5;0.1;Bank Transfer
T03899;11/08/2025;C028;P037;S001;4;0.1;Cash
T03900;24/08/2025;C171;P009;S005;1;0.05;Cash
T03901;9/04/2025;C022;P006;S001;4;0.15;Cash
T03902;12/02/2025;C154;P021;S001;2;0.1;Bank Transfer
T03903;11/04/2024;C181;P013;S004;4;0;Credit Card
T03904;26/12/2023;C044;P045;S001;4;0.1;Credit Card
T03905;28/06/2025;C081;P029;S003;1;0.05;Cash
T03906;5/11/2024;C022;P021;S002;2;0.15;Bank Transfer
T03907;12/10/2023;C145;P034;S003;1;0;Credit Card
T03908;8/07/2024;C107;P011;S001;1;0.1;Cash
T03909;2/12/2023;C087;P035;S002;2;0.1;Bank Transfer
T03910;12/08/2024;C113;P028;S005;3;0;Mobile Money
T03911;29/01/2024;C073;P035;S001;4;0;Mobile Money
T03912;30/11/2024;C181;P024;S002;2;0.15;Cash
T03913;3/03/2024;C091;P003;S005;3;0;Credit Card
T03914;20/07/2024;C171;P023;S001;1;0;Mobile Money
T03915;9/12/2023;C074;P024;S005;2;0.1;Cash
T03916;20/02/2025;C053;P033;S005;1;0;Bank Transfer
T03917;28/09/2023;C090;P012;S002;1;0.05;Mobile Money
T03918;2/04/2025;C012;P050;S005;5;0.1;Cash
T03919;22/11/2024;C019;P028;S005;3;0;Credit Card
T03920;2/08/2025;C168;P025;S003;5;0.05;Bank Transfer
T03921;6/01/2025;C089;P038;S002;3;0.1;Credit Card
T03922;19/11/2024;C012;P031;S003;4;0;Cash
T03923;6/10/2023;C016;P017;S004;4;0;Cash
T03924;7/01/2025;C102;P002;S005;4;0;Cash
T03925;5/04/2024;C140;P033;S004;4;0.15;Bank Transfer
T03926;19/04/2024;C012;P012;S002;4;0.1;Credit Card
T03927;15/08/2025;C184;P016;S002;2;0.1;Bank Transfer
T03928;23/06/2025;C149;P004;S003;2;0;Cash
T03929;5/11/2023;C101;P010;S004;4;0.15;Credit Card
T03930;21/12/2023;C086;P043;S003;1;0.05;Credit Card
T03931;3/03/2025;C163;P036;S003;1;0;Mobile Money
T03932;15/08/2025;C055;P037;S004;3;0.1;Credit Card
T03933;1/04/2024;C101;P026;S002;3;0;Mobile Money
T03934;15/05/2025;C138;P042;S003;2;0;Credit Card
T03935;6/02/2024;C170;P030;S005;2;0.05;Credit Card
T03936;17/02/2025;C079;P050;S003;1;0;Cash
T03937;9/11/2023;C189;P015;S001;5;0;Mobile Money
T03938;26/11/2024;C174;P032;S001;3;0.05;Cash
T03939;9/01/2025;C164;P018;S005;5;0.15;Bank Transfer
T03940;12/08/2024;C063;P030;S001;2;0;Cash
T03941;11/02/2024;C099;P045;S004;4;0.05;Credit Card
T03942;21/02/2025;C158;P001;S001;3;0.1;Mobile Money
T03943;10/12/2024;C086;P024;S005;5;0.15;Bank Transfer
T03944;13/02/2025;C145;P033;S002;1;0.05;Mobile Money
T03945;14/01/2024;C080;P019;S002;4;0;Credit Card
T03946;16/11/2023;C062;P034;S004;2;0;Credit Card
T03947;22/02/2024;C118;P032;S003;3;0.05;Cash
T03948;23/07/2024;C066;P032;S004;4;0;Credit Card
T03949;13/06/2024;C001;P025;S004;1;0;Bank Transfer
T03950;2/01/2024;C042;P050;S002;5;0;Credit Card
T03951;9/12/2023;C049;P039;S004;2;0;Credit Card
T03952;8/02/2025;C018;P041;S003;5;0;Mobile Money
T03953;14/10/2023;C186;P003;S001;3;0;Mobile Money
T03954;2/11/2023;C028;P042;S001;5;0.15;Credit Card
T03955;7/12/2024;C138;P032;S003;3;0;Bank Transfer
T03956;6/11/2024;C146;P049;S004;4;0.05;Cash
T03957;20/01/2025;C098;P018;S005;5;0;Cash
T03958;20/04/2025;C193;P013;S003;2;0.15;Credit Card
T03959;16/12/2024;C018;P026;S005;4;0.05;Mobile Money
T03960;20/02/2024;C045;P028;S005;3;0.1;Bank Transfer
T03961;11/12/2023;C014;P012;S001;5;0.05;Credit Card
T03962;1/02/2024;C185;P027;S004;2;0;Cash
T03963;11/06/2024;C046;P005;S005;2;0.1;Credit Card
T03964;31/07/2024;C161;P016;S002;2;0.05;Cash
T03965;18/10/2024;C065;P023;S001;3;0.1;Mobile Money
T03966;6/07/2024;C072;P024;S002;2;0;Cash
T03967;10/10/2024;C108;P004;S003;5;0.05;Cash
T03968;25/04/2025;C173;P003;S002;1;0.05;Cash
T03969;29/11/2023;C163;P026;S002;1;0.1;Credit Card
T03970;3/04/2024;C057;P027;S002;2;0.15;Mobile Money
T03971;14/12/2023;C092;P029;S002;1;0.05;Bank Transfer
T03972;15/07/2025;C184;P023;S002;1;0.05;Cash
T03973;9/09/2024;C107;P045;S003;1;0.15;Bank Transfer
T03974;9/12/2023;C102;P014;S002;1;0;Bank Transfer
T03975;14/05/2025;C184;P020;S005;2;0.15;Mobile Money
T03976;3/07/2025;C118;P036;S003;4;0;Credit Card
T03977;26/05/2024;C034;P040;S001;1;0.05;Cash
T03978;13/02/2025;C107;P017;S001;4;0.1;Mobile Money
T03979;17/02/2024;C156;P019;S001;2;0.05;Cash
T03980;24/02/2025;C008;P035;S003;2;0.1;Cash
T03981;25/09/2024;C159;P031;S004;4;0.05;Credit Card
T03982;19/06/2024;C146;P013;S001;2;0;Mobile Money
T03983;25/04/2025;C125;P019;S001;5;0;Bank Transfer
T03984;14/02/2024;C104;P039;S005;3;0.15;Mobile Money
T03985;17/09/2023;C118;P015;S001;4;0.05;Mobile Money
T03986;7/07/2024;C040;P024;S001;5;0.15;Bank Transfer
T03987;20/02/2025;C093;P041;S001;3;0.1;Bank Transfer
T03988;5/10/2024;C077;P037;S001;4;0.15;Mobile Money
T03989;31/07/2025;C051;P041;S003;5;0.05;Credit Card
T03990;16/03/2025;C146;P010;S004;3;0;Bank Transfer
T03991;30/03/2024;C166;P019;S005;4;0.05;Mobile Money
T03992;7/03/2025;C049;P037;S002;2;0.15;Credit Card
T03993;1/04/2024;C112;P031;S001;1;0.1;Credit Card
T03994;28/10/2023;C066;P012;S002;4;0.05;Bank Transfer
T03995;27/12/2023;C168;P006;S005;3;0.1;Credit Card
T03996;12/02/2025;C026;P029;S005;5;0;Mobile Money
T03997;22/05/2024;C153;P031;S005;1;0.15;Credit Card
T03998;8/01/2024;C164;P033;S002;3;0;Mobile Money
T03999;3/02/2025;C068;P014;S002;2;0.1;Credit Card
T04000;8/04/2025;C035;P031;S003;4;0.05;Bank Transfer
T04001;22/03/2024;C171;P028;S001;3;0.05;Credit Card
T04002;6/07/2025;C063;P026;S003;2;0;Credit Card
T04003;13/08/2024;C020;P008;S001;3;0.15;Mobile Money
T04004;2/08/2024;C008;P004;S003;3;0.1;Mobile Money
T04005;3/06/2025;C200;P014;S004;5;0.1;Mobile Money
T04006;1/04/2025;C085;P047;S004;4;0.1;Bank Transfer
T04007;4/12/2023;C052;P033;S003;2;0.15;Bank Transfer
T04008;1/06/2024;C145;P015;S004;3;0.15;Mobile Money
T04009;14/07/2024;C187;P037;S005;5;0.15;Cash
T04010;6/08/2024;C111;P046;S002;3;0.05;Cash
T04011;6/11/2024;C046;P046;S003;3;0.1;Cash
T04012;19/10/2023;C138;P018;S001;5;0.1;Bank Transfer
T04013;13/02/2025;C131;P043;S001;3;0.05;Mobile Money
T04014;18/05/2024;C153;P049;S002;3;0.1;Mobile Money
T04015;29/07/2024;C102;P049;S003;4;0.05;Cash
T04016;25/08/2025;C062;P009;S001;4;0.1;Credit Card
T04017;2/01/2025;C062;P040;S003;5;0;Bank Transfer
T04018;4/12/2023;C047;P024;S004;1;0.1;Cash
T04019;18/11/2023;C171;P023;S003;5;0.05;Credit Card
T04020;6/08/2024;C041;P017;S004;1;0.1;Bank Transfer
T04021;30/05/2024;C080;P032;S002;1;0.15;Mobile Money
T04022;4/07/2024;C057;P029;S004;2;0;Cash
T04023;16/04/2024;C008;P025;S005;1;0.15;Bank Transfer
T04024;22/09/2023;C043;P007;S002;1;0;Bank Transfer
T04025;16/11/2023;C187;P034;S005;4;0;Bank Transfer
T04026;14/11/2024;C082;P042;S002;2;0.1;Bank Transfer
T04027;11/12/2024;C190;P014;S002;4;0.15;Bank Transfer
T04028;3/06/2025;C069;P046;S004;1;0;Mobile Money
T04029;1/05/2024;C050;P036;S002;1;0.15;Bank Transfer
T04030;21/01/2024;C190;P040;S002;2;0.15;Mobile Money
T04031;6/11/2023;C116;P046;S002;5;0.15;Mobile Money
T04032;15/06/2025;C175;P011;S003;4;0.05;Credit Card
T04033;10/07/2024;C120;P039;S001;1;0.1;Cash
T04034;10/09/2023;C166;P034;S001;3;0.05;Mobile Money
T04035;16/06/2025;C138;P036;S001;1;0.1;Bank Transfer
T04036;11/03/2025;C167;P046;S005;1;0;Cash
T04037;14/04/2024;C039;P017;S004;2;0.05;Cash
T04038;7/11/2024;C080;P046;S002;3;0.15;Credit Card
T04039;22/09/2023;C031;P043;S004;1;0.1;Credit Card
T04040;20/02/2024;C147;P016;S001;2;0.15;Cash
T04041;21/01/2025;C127;P027;S002;1;0.05;Cash
T04042;13/01/2025;C051;P014;S004;5;0.1;Bank Transfer
T04043;4/12/2023;C182;P020;S002;5;0.15;Credit Card
T04044;10/02/2024;C185;P030;S001;5;0.05;Mobile Money
T04045;6/07/2024;C064;P030;S003;2;0.1;Bank Transfer
T04046;30/10/2024;C169;P040;S002;2;0.05;Credit Card
T04047;10/01/2025;C039;P030;S004;2;0.05;Credit Card
T04048;6/07/2025;C001;P004;S003;3;0.15;Credit Card
T04049;5/07/2025;C091;P001;S002;2;0.05;Mobile Money
T04050;20/05/2024;C110;P049;S001;5;0.1;Cash
T04051;6/04/2025;C121;P013;S004;1;0;Mobile Money
T04052;14/02/2025;C012;P023;S005;2;0.15;Mobile Money
T04053;13/07/2025;C031;P036;S005;2;0.05;Mobile Money
T04054;16/09/2024;C010;P037;S001;1;0.15;Cash
T04055;2/10/2024;C040;P017;S004;1;0.1;Credit Card
T04056;28/10/2024;C143;P014;S005;2;0;Mobile Money
T04057;3/04/2025;C171;P002;S004;3;0.1;Mobile Money
T04058;5/04/2024;C123;P001;S002;3;0.15;Bank Transfer
T04059;3/09/2024;C034;P014;S002;2;0.05;Credit Card
T04060;18/07/2024;C037;P027;S002;5;0;Cash
T04061;21/06/2024;C194;P034;S005;3;0.1;Credit Card
T04062;31/12/2024;C089;P005;S005;5;0.05;Credit Card
T04063;22/12/2024;C046;P015;S003;4;0;Mobile Money
T04064;18/09/2023;C047;P019;S005;3;0.05;Bank Transfer
T04065;5/12/2023;C168;P014;S001;4;0.05;Mobile Money
T04066;4/01/2024;C063;P011;S001;1;0;Bank Transfer
T04067;16/02/2025;C102;P040;S004;3;0;Credit Card
T04068;6/06/2024;C002;P006;S004;3;0.05;Bank Transfer
T04069;3/02/2025;C198;P035;S001;5;0.1;Credit Card
T04070;8/11/2023;C004;P037;S001;2;0.15;Credit Card
T04071;30/09/2023;C103;P039;S001;5;0.1;Mobile Money
T04072;27/01/2024;C059;P040;S005;4;0.1;Mobile Money
T04073;30/01/2024;C017;P042;S003;3;0.15;Cash
T04074;9/12/2023;C093;P023;S003;3;0;Credit Card
T04075;5/05/2025;C161;P021;S001;3;0;Mobile Money
T04076;12/05/2024;C185;P023;S003;1;0;Bank Transfer
T04077;5/08/2025;C085;P028;S004;3;0;Cash
T04078;29/10/2024;C148;P006;S004;5;0.05;Bank Transfer
T04079;24/08/2025;C116;P016;S005;4;0.1;Credit Card
T04080;8/09/2024;C016;P018;S004;1;0.05;Cash
T04081;10/04/2025;C065;P022;S002;4;0.05;Cash
T04082;18/04/2024;C019;P015;S005;4;0;Credit Card
T04083;8/02/2024;C187;P007;S001;2;0.1;Cash
T04084;5/11/2023;C052;P031;S005;2;0.15;Mobile Money
T04085;24/08/2025;C119;P014;S005;5;0.15;Mobile Money
T04086;8/11/2024;C010;P040;S005;5;0.15;Credit Card
T04087;26/04/2024;C019;P047;S002;4;0.15;Mobile Money
T04088;12/05/2025;C060;P048;S001;5;0.05;Credit Card
T04089;1/04/2024;C113;P049;S004;1;0.15;Bank Transfer
T04090;20/04/2024;C179;P012;S005;5;0.15;Mobile Money
T04091;4/04/2025;C091;P034;S002;2;0.1;Credit Card
T04092;7/02/2024;C030;P029;S005;1;0.15;Bank Transfer
T04093;29/09/2023;C080;P010;S002;1;0.1;Credit Card
T04094;26/09/2023;C060;P028;S001;2;0;Credit Card
T04095;22/11/2024;C031;P030;S005;1;0.1;Cash
T04096;25/11/2023;C199;P013;S003;4;0.15;Bank Transfer
T04097;21/08/2025;C073;P038;S005;4;0.1;Mobile Money
T04098;12/01/2025;C002;P028;S001;1;0.05;Mobile Money
T04099;26/04/2025;C144;P026;S004;4;0.1;Bank Transfer
T04100;21/03/2024;C140;P043;S004;4;0.15;Bank Transfer
T04101;18/06/2025;C147;P043;S004;5;0.15;Bank Transfer
T04102;25/08/2025;C023;P019;S004;2;0.15;Bank Transfer
T04103;26/01/2024;C110;P036;S001;3;0.1;Cash
T04104;15/12/2023;C006;P014;S004;2;0.1;Bank Transfer
T04105;26/01/2024;C179;P022;S002;4;0.05;Cash
T04106;27/03/2025;C151;P001;S004;3;0.15;Credit Card
T04107;4/05/2024;C119;P022;S004;1;0;Bank Transfer
T04108;9/03/2024;C036;P004;S005;4;0.05;Bank Transfer
T04109;15/05/2025;C053;P045;S001;3;0.15;Cash
T04110;13/01/2025;C046;P024;S003;3;0;Credit Card
T04111;3/11/2023;C136;P031;S002;4;0.15;Credit Card
T04112;11/05/2025;C110;P016;S003;2;0;Bank Transfer
T04113;28/12/2023;C158;P008;S003;5;0.1;Mobile Money
T04114;17/04/2025;C090;P001;S003;4;0.15;Credit Card
T04115;19/12/2024;C077;P015;S003;3;0.1;Credit Card
T04116;17/09/2023;C079;P017;S003;1;0.1;Cash
T04117;14/08/2025;C102;P038;S005;5;0.05;Credit Card
T04118;28/12/2023;C181;P031;S003;3;0.15;Bank Transfer
T04119;1/06/2025;C058;P001;S005;3;0.15;Bank Transfer
T04120;8/12/2023;C005;P034;S005;5;0.05;Credit Card
T04121;4/01/2025;C058;P018;S001;5;0.1;Mobile Money
T04122;24/03/2025;C033;P027;S005;4;0.05;Bank Transfer
T04123;7/11/2024;C026;P049;S002;2;0;Cash
T04124;15/04/2024;C195;P033;S005;4;0.05;Cash
T04125;8/07/2025;C177;P009;S002;1;0.15;Cash
T04126;31/05/2024;C123;P027;S003;3;0.1;Credit Card
T04127;22/02/2025;C074;P015;S004;3;0.1;Mobile Money
T04128;13/04/2024;C150;P004;S002;2;0;Credit Card
T04129;16/11/2024;C003;P026;S001;3;0.1;Mobile Money
T04130;28/12/2024;C078;P014;S004;1;0.05;Credit Card
T04131;1/10/2023;C146;P042;S001;1;0.05;Bank Transfer
T04132;18/01/2025;C028;P029;S002;1;0.05;Mobile Money
T04133;29/05/2024;C086;P033;S004;3;0.15;Credit Card
T04134;29/11/2024;C085;P006;S005;3;0.15;Cash
T04135;16/12/2023;C143;P010;S004;1;0.05;Cash
T04136;16/10/2023;C067;P044;S003;5;0.1;Credit Card
T04137;3/06/2025;C067;P039;S003;4;0.15;Credit Card
T04138;13/09/2024;C022;P030;S001;2;0.1;Cash
T04139;19/12/2023;C053;P015;S003;2;0.05;Mobile Money
T04140;24/06/2024;C041;P013;S002;1;0.05;Credit Card
T04141;15/05/2025;C080;P010;S004;3;0.05;Bank Transfer
T04142;18/04/2025;C105;P024;S002;1;0;Bank Transfer
T04143;24/12/2023;C060;P008;S004;5;0.15;Mobile Money
T04144;10/02/2024;C139;P023;S001;1;0.1;Credit Card
T04145;7/10/2023;C146;P024;S003;4;0;Credit Card
T04146;7/12/2023;C168;P035;S001;4;0.15;Bank Transfer
T04147;4/12/2023;C017;P012;S004;3;0.05;Cash
T04148;13/04/2025;C078;P033;S002;3;0;Credit Card
T04149;3/02/2024;C059;P001;S005;3;0;Credit Card
T04150;20/12/2024;C042;P007;S005;5;0.1;Mobile Money
T04151;3/10/2023;C101;P001;S003;2;0.15;Bank Transfer
T04152;24/12/2024;C187;P011;S002;2;0.05;Credit Card
T04153;5/07/2025;C134;P046;S002;5;0.05;Cash
T04154;22/04/2024;C035;P048;S001;2;0.1;Mobile Money
T04155;9/06/2025;C147;P048;S001;2;0.05;Cash
T04156;6/03/2025;C059;P039;S001;2;0.05;Bank Transfer
T04157;26/12/2023;C105;P010;S004;4;0;Cash
T04158;3/03/2024;C172;P042;S004;4;0.1;Cash
T04159;19/08/2025;C113;P045;S004;2;0.15;Bank Transfer
T04160;20/10/2023;C193;P002;S003;2;0;Credit Card
T04161;22/09/2024;C072;P037;S003;2;0;Cash
T04162;27/04/2025;C045;P009;S002;5;0.1;Mobile Money
T04163;6/03/2024;C044;P005;S002;1;0.05;Bank Transfer
T04164;9/07/2025;C184;P046;S002;1;0.05;Bank Transfer
T04165;16/10/2024;C118;P048;S001;5;0;Cash
T04166;23/05/2024;C117;P010;S002;2;0.05;Bank Transfer
T04167;20/01/2025;C014;P037;S003;1;0.15;Mobile Money
T04168;22/09/2023;C067;P043;S005;4;0;Mobile Money
T04169;8/05/2025;C165;P049;S004;3;0.1;Mobile Money
T04170;9/06/2025;C028;P033;S005;5;0.05;Bank Transfer
T04171;20/11/2023;C013;P004;S004;3;0.05;Mobile Money
T04172;20/02/2024;C040;P022;S004;2;0.1;Cash
T04173;3/01/2024;C047;P035;S002;3;0;Bank Transfer
T04174;26/06/2025;C099;P002;S004;5;0.1;Bank Transfer
T04175;7/05/2025;C130;P043;S002;2;0.15;Credit Card
T04176;9/09/2024;C161;P027;S002;4;0;Credit Card
T04177;16/09/2023;C026;P009;S002;1;0;Cash
T04178;24/03/2024;C031;P024;S005;4;0;Credit Card
T04179;26/08/2025;C179;P037;S003;5;0.15;Cash
T04180;27/07/2025;C172;P031;S001;4;0;Mobile Money
T04181;23/01/2025;C075;P021;S001;2;0.05;Bank Transfer
T04182;21/04/2025;C027;P039;S005;5;0.1;Bank Transfer
T04183;12/06/2024;C046;P005;S005;3;0;Mobile Money
T04184;25/11/2023;C027;P008;S002;2;0.05;Mobile Money
T04185;13/04/2024;C100;P043;S003;2;0.05;Mobile Money
T04186;26/12/2023;C047;P033;S002;1;0.1;Bank Transfer
T04187;31/05/2024;C039;P047;S002;1;0.15;Credit Card
T04188;18/05/2024;C097;P024;S003;3;0.15;Credit Card
T04189;15/07/2025;C050;P037;S001;5;0.05;Credit Card
T04190;11/10/2024;C075;P005;S003;3;0.15;Cash
T04191;4/03/2024;C079;P037;S005;5;0.15;Bank Transfer
T04192;15/08/2025;C004;P039;S003;4;0;Credit Card
T04193;15/09/2023;C003;P006;S003;5;0.15;Bank Transfer
T04194;6/03/2025;C019;P013;S005;3;0.05;Mobile Money
T04195;6/05/2024;C128;P041;S003;5;0.05;Mobile Money
T04196;19/04/2024;C110;P024;S002;2;0.1;Mobile Money
T04197;6/08/2025;C060;P040;S003;2;0.15;Mobile Money
T04198;18/09/2024;C122;P020;S003;2;0.05;Bank Transfer
T04199;18/08/2025;C146;P004;S002;1;0.15;Cash
T04200;10/07/2024;C103;P019;S003;5;0;Credit Card
T04201;8/11/2023;C155;P032;S002;1;0.1;Credit Card
T04202;27/06/2025;C039;P008;S005;3;0;Cash
T04203;13/10/2024;C083;P041;S004;2;0;Credit Card
T04204;22/07/2024;C152;P048;S003;3;0.15;Credit Card
T04205;29/05/2024;C112;P042;S002;4;0.05;Mobile Money
T04206;2/10/2024;C045;P004;S005;3;0.05;Cash
T04207;5/12/2024;C111;P044;S004;1;0.1;Bank Transfer
T04208;5/10/2024;C160;P028;S005;1;0.1;Cash
T04209;12/02/2025;C050;P047;S002;1;0.05;Cash
T04210;9/09/2025;C012;P036;S003;5;0.05;Credit Card
T04211;5/03/2025;C017;P013;S001;2;0.05;Cash
T04212;19/12/2024;C045;P023;S001;3;0.1;Cash
T04213;12/03/2024;C183;P030;S003;5;0.05;Mobile Money
T04214;29/04/2025;C140;P033;S004;5;0.15;Mobile Money
T04215;13/04/2025;C077;P046;S001;1;0;Bank Transfer
T04216;6/05/2024;C068;P002;S005;5;0;Mobile Money
T04217;4/12/2024;C080;P002;S003;2;0;Cash
T04218;29/11/2023;C100;P050;S002;5;0.15;Mobile Money
T04219;19/11/2024;C164;P024;S005;4;0.05;Bank Transfer
T04220;3/12/2023;C134;P024;S003;4;0.15;Bank Transfer
T04221;19/04/2024;C103;P044;S003;1;0.15;Credit Card
T04222;30/09/2024;C056;P018;S003;2;0;Credit Card
T04223;23/12/2023;C184;P027;S004;2;0.05;Cash
T04224;24/01/2025;C050;P017;S002;1;0.1;Cash
T04225;30/03/2024;C012;P003;S003;2;0.1;Credit Card
T04226;30/12/2024;C029;P041;S003;4;0;Cash
T04227;13/11/2024;C121;P002;S005;4;0.05;Mobile Money
T04228;27/06/2024;C151;P048;S005;5;0.1;Cash
T04229;4/12/2023;C167;P019;S002;5;0.05;Cash
T04230;13/10/2023;C189;P041;S005;1;0;Credit Card
T04231;22/11/2024;C111;P009;S004;4;0;Credit Card
T04232;15/03/2025;C181;P031;S001;1;0;Bank Transfer
T04233;14/02/2025;C051;P033;S002;5;0.1;Credit Card
T04234;8/05/2024;C140;P044;S004;2;0;Cash
T04235;9/07/2025;C083;P028;S001;3;0.05;Bank Transfer
T04236;27/01/2025;C063;P022;S005;2;0;Bank Transfer
T04237;14/10/2023;C142;P014;S002;4;0.05;Cash
T04238;12/01/2024;C016;P003;S004;4;0.15;Credit Card
T04239;5/03/2025;C118;P037;S004;2;0.05;Credit Card
T04240;8/09/2025;C143;P027;S002;5;0.15;Credit Card
T04241;30/12/2024;C055;P012;S004;4;0;Bank Transfer
T04242;8/11/2024;C163;P021;S001;5;0.15;Credit Card
T04243;10/02/2024;C102;P016;S004;1;0.05;Mobile Money
T04244;29/01/2024;C142;P031;S003;1;0;Cash
T04245;5/12/2024;C049;P020;S002;5;0.05;Credit Card
T04246;17/04/2025;C058;P008;S005;2;0;Credit Card
T04247;15/12/2024;C090;P017;S002;4;0;Mobile Money
T04248;5/12/2024;C084;P041;S001;4;0.15;Mobile Money
T04249;4/02/2025;C099;P040;S001;1;0.15;Bank Transfer
T04250;5/06/2025;C149;P032;S002;1;0;Bank Transfer
T04251;20/11/2024;C064;P037;S001;5;0.05;Mobile Money
T04252;22/11/2023;C156;P041;S004;4;0;Mobile Money
T04253;12/03/2025;C129;P018;S001;3;0.15;Credit Card
T04254;3/04/2024;C139;P012;S003;3;0.15;Credit Card
T04255;25/01/2025;C189;P043;S001;2;0.15;Mobile Money
T04256;30/06/2025;C095;P009;S004;5;0.15;Credit Card
T04257;24/10/2024;C157;P047;S003;5;0;Credit Card
T04258;13/08/2024;C083;P008;S004;2;0.1;Credit Card
T04259;13/07/2024;C088;P021;S003;2;0.1;Mobile Money
T04260;6/07/2024;C161;P026;S001;4;0.1;Credit Card
T04261;10/05/2025;C149;P016;S005;1;0.15;Bank Transfer
T04262;1/11/2024;C161;P020;S004;2;0.15;Mobile Money
T04263;7/10/2023;C152;P028;S003;1;0.15;Mobile Money
T04264;13/09/2024;C125;P041;S001;5;0;Mobile Money
T04265;4/08/2024;C079;P004;S004;3;0.1;Bank Transfer
T04266;2/03/2025;C104;P046;S003;1;0.05;Bank Transfer
T04267;27/09/2023;C029;P037;S004;4;0.05;Bank Transfer
T04268;20/09/2023;C118;P005;S005;3;0.05;Mobile Money
T04269;3/11/2024;C188;P043;S005;5;0;Mobile Money
T04270;23/05/2024;C075;P038;S005;5;0;Bank Transfer
T04271;3/02/2025;C075;P026;S003;1;0.05;Mobile Money
T04272;22/08/2024;C003;P010;S003;2;0;Cash
T04273;29/10/2024;C042;P010;S004;2;0.15;Cash
T04274;29/03/2024;C102;P012;S004;3;0;Cash
T04275;30/10/2024;C140;P027;S002;3;0.1;Bank Transfer
T04276;22/04/2024;C134;P033;S001;2;0;Credit Card
T04277;27/12/2024;C171;P003;S001;3;0.15;Bank Transfer
T04278;15/10/2023;C171;P022;S005;5;0.05;Mobile Money
T04279;2/12/2024;C068;P039;S001;5;0.1;Mobile Money
T04280;19/05/2025;C061;P033;S001;2;0.15;Bank Transfer
T04281;25/07/2025;C004;P041;S001;1;0.05;Cash
T04282;8/04/2025;C174;P047;S003;4;0.15;Cash
T04283;17/02/2024;C152;P048;S005;3;0.05;Cash
T04284;6/01/2025;C092;P035;S004;3;0;Bank Transfer
T04285;15/08/2025;C197;P027;S005;2;0.15;Bank Transfer
T04286;22/10/2023;C111;P042;S004;5;0;Mobile Money
T04287;30/05/2025;C185;P028;S001;1;0.15;Credit Card
T04288;9/09/2024;C107;P015;S001;1;0;Credit Card
T04289;15/10/2023;C110;P020;S003;1;0;Credit Card
T04290;7/01/2024;C070;P033;S003;3;0.1;Credit Card
T04291;6/09/2024;C154;P029;S005;1;0.15;Mobile Money
T04292;26/10/2024;C071;P039;S003;4;0.15;Bank Transfer
T04293;13/03/2025;C043;P021;S003;1;0.15;Credit Card
T04294;12/05/2024;C200;P041;S002;1;0.1;Bank Transfer
T04295;24/03/2025;C157;P012;S005;4;0.15;Credit Card
T04296;6/07/2025;C081;P026;S004;2;0.05;Credit Card
T04297;2/12/2023;C032;P020;S005;1;0.1;Credit Card
T04298;26/04/2025;C056;P033;S003;4;0;Bank Transfer
T04299;10/11/2023;C128;P042;S003;4;0.15;Bank Transfer
T04300;22/09/2023;C139;P005;S003;3;0.1;Credit Card
T04301;25/02/2024;C154;P036;S004;3;0.05;Cash
T04302;1/04/2024;C060;P036;S005;2;0.1;Cash
T04303;1/06/2025;C126;P001;S001;2;0.1;Bank Transfer
T04304;13/09/2024;C187;P012;S003;2;0;Credit Card
T04305;15/07/2024;C180;P002;S005;1;0;Credit Card
T04306;5/07/2025;C101;P004;S002;2;0;Cash
T04307;5/09/2024;C184;P012;S004;2;0.05;Mobile Money
T04308;29/05/2024;C127;P005;S002;4;0.1;Credit Card
T04309;6/01/2025;C159;P013;S003;5;0.1;Bank Transfer
T04310;22/06/2024;C142;P046;S003;2;0.05;Bank Transfer
T04311;5/07/2025;C044;P041;S003;2;0.1;Cash
T04312;22/12/2024;C104;P019;S001;5;0.1;Mobile Money
T04313;26/04/2024;C095;P026;S005;1;0.15;Cash
T04314;4/01/2024;C015;P008;S003;1;0;Bank Transfer
T04315;19/12/2023;C079;P029;S005;1;0.1;Mobile Money
T04316;29/10/2023;C117;P040;S003;3;0.15;Credit Card
T04317;28/03/2024;C196;P008;S003;2;0.1;Credit Card
T04318;1/10/2023;C077;P048;S004;5;0.1;Cash
T04319;10/12/2024;C119;P035;S001;3;0.1;Mobile Money
T04320;1/06/2024;C052;P010;S003;3;0.05;Cash
T04321;2/12/2024;C086;P032;S002;4;0;Credit Card
T04322;18/10/2023;C050;P045;S001;5;0.05;Mobile Money
T04323;16/03/2025;C022;P035;S001;2;0.05;Credit Card
T04324;20/01/2024;C110;P045;S001;5;0.15;Credit Card
T04325;20/12/2023;C143;P028;S001;3;0.05;Mobile Money
T04326;11/01/2024;C140;P006;S004;2;0;Bank Transfer
T04327;18/09/2023;C143;P008;S004;2;0.1;Cash
T04328;22/07/2024;C081;P039;S002;1;0.15;Bank Transfer
T04329;5/05/2024;C105;P004;S003;2;0.1;Credit Card
T04330;2/12/2024;C124;P047;S005;1;0;Cash
T04331;14/08/2024;C092;P016;S004;4;0.05;Bank Transfer
T04332;22/11/2024;C072;P019;S004;4;0;Mobile Money
T04333;4/07/2024;C114;P012;S004;2;0.15;Cash
T04334;11/03/2024;C080;P010;S002;2;0.15;Credit Card
T04335;27/05/2025;C151;P041;S005;5;0.1;Mobile Money
T04336;29/08/2025;C162;P024;S004;3;0.1;Cash
T04337;16/02/2024;C157;P044;S005;5;0;Cash
T04338;25/05/2024;C029;P008;S001;5;0.1;Mobile Money
T04339;4/11/2024;C059;P018;S005;1;0.05;Bank Transfer
T04340;29/12/2024;C042;P048;S001;1;0.15;Bank Transfer
T04341;1/05/2024;C074;P007;S002;3;0.15;Bank Transfer
T04342;2/11/2024;C189;P012;S005;5;0.1;Mobile Money
T04343;27/07/2024;C150;P012;S003;4;0.05;Bank Transfer
T04344;1/04/2025;C199;P003;S004;3;0.1;Credit Card
T04345;12/05/2024;C133;P045;S001;5;0;Credit Card
T04346;9/04/2025;C037;P006;S001;4;0.15;Cash
T04347;8/02/2025;C036;P019;S003;5;0.05;Mobile Money
T04348;1/04/2024;C021;P025;S004;1;0.1;Bank Transfer
T04349;24/10/2023;C068;P018;S003;1;0.1;Credit Card
T04350;17/09/2023;C109;P044;S004;2;0.15;Cash
T04351;28/06/2025;C022;P013;S002;2;0;Credit Card
T04352;5/05/2024;C136;P003;S005;3;0.15;Cash
T04353;19/11/2023;C199;P034;S001;5;0.05;Mobile Money
T04354;22/10/2024;C138;P020;S001;3;0.1;Cash
T04355;21/12/2023;C006;P018;S005;5;0.05;Cash
T04356;20/11/2024;C114;P021;S004;5;0;Bank Transfer
T04357;12/07/2024;C081;P034;S002;5;0.15;Mobile Money
T04358;6/07/2025;C150;P017;S002;2;0.1;Cash
T04359;4/12/2024;C161;P034;S003;5;0;Mobile Money
T04360;20/11/2023;C192;P027;S001;3;0.05;Credit Card
T04361;13/05/2025;C173;P049;S004;1;0;Cash
T04362;22/04/2024;C148;P026;S002;5;0;Cash
T04363;13/11/2024;C064;P015;S005;2;0.15;Bank Transfer
T04364;26/08/2024;C035;P040;S003;3;0;Credit Card
T04365;9/12/2024;C186;P035;S004;1;0;Bank Transfer
T04366;9/11/2024;C137;P008;S001;5;0;Cash
T04367;17/12/2024;C073;P045;S003;1;0.05;Bank Transfer
T04368;2/09/2025;C055;P027;S004;2;0.15;Cash
T04369;17/05/2024;C088;P047;S005;4;0.05;Mobile Money
T04370;14/03/2025;C194;P019;S004;2;0.15;Cash
T04371;13/09/2024;C056;P050;S003;5;0.15;Credit Card
T04372;5/06/2024;C054;P008;S003;2;0;Cash
T04373;3/12/2023;C161;P013;S003;5;0.1;Mobile Money
T04374;13/08/2024;C024;P037;S003;3;0.15;Credit Card
T04375;10/08/2025;C023;P034;S003;4;0.15;Credit Card
T04376;19/06/2025;C150;P023;S004;5;0.05;Bank Transfer
T04377;25/12/2024;C089;P042;S001;1;0.15;Bank Transfer
T04378;17/08/2024;C064;P048;S004;5;0;Credit Card
T04379;5/01/2025;C131;P030;S002;4;0.15;Credit Card
T04380;11/09/2024;C117;P017;S001;2;0.15;Mobile Money
T04381;15/06/2024;C105;P012;S001;3;0.05;Bank Transfer
T04382;1/10/2023;C046;P039;S005;1;0.15;Bank Transfer
T04383;21/10/2023;C066;P033;S001;4;0;Cash
T04384;23/02/2025;C027;P013;S005;4;0.1;Credit Card
T04385;30/04/2024;C086;P040;S005;3;0.15;Bank Transfer
T04386;6/09/2024;C011;P043;S003;1;0;Credit Card
T04387;13/07/2024;C172;P002;S005;5;0;Credit Card
T04388;17/02/2025;C126;P028;S002;1;0.1;Credit Card
T04389;11/12/2023;C125;P012;S004;2;0.15;Credit Card
T04390;18/10/2024;C131;P006;S001;3;0.1;Bank Transfer
T04391;5/04/2024;C117;P015;S001;5;0.05;Bank Transfer
T04392;25/06/2025;C055;P034;S001;5;0.15;Cash
T04393;28/10/2023;C108;P009;S004;4;0.1;Cash
T04394;11/06/2024;C146;P035;S002;2;0.1;Mobile Money
T04395;28/09/2024;C196;P030;S003;3;0.1;Cash
T04396;8/08/2025;C181;P034;S002;3;0.15;Credit Card
T04397;28/02/2025;C126;P022;S001;4;0.1;Credit Card
T04398;29/08/2025;C006;P011;S004;5;0;Cash
T04399;7/02/2025;C194;P013;S004;3;0;Credit Card
T04400;15/06/2025;C079;P047;S002;5;0;Mobile Money
T04401;25/02/2025;C053;P045;S005;4;0.15;Bank Transfer
T04402;9/11/2024;C132;P016;S002;2;0.05;Mobile Money
T04403;26/04/2025;C073;P027;S004;4;0;Bank Transfer
T04404;20/02/2024;C025;P033;S002;1;0;Cash
T04405;18/10/2023;C090;P002;S002;5;0.15;Cash
T04406;6/10/2024;C048;P008;S005;2;0.15;Credit Card
T04407;24/10/2024;C090;P009;S003;2;0;Bank Transfer
T04408;22/06/2025;C018;P017;S002;2;0;Cash
T04409;26/12/2024;C186;P018;S003;4;0.15;Credit Card
T04410;5/10/2024;C002;P029;S003;3;0;Cash
T04411;1/04/2025;C015;P015;S004;5;0.1;Cash
T04412;5/09/2025;C145;P027;S002;2;0.1;Bank Transfer
T04413;31/12/2023;C200;P008;S002;5;0;Cash
T04414;13/02/2025;C160;P004;S004;5;0.1;Cash
T04415;3/09/2024;C163;P020;S002;2;0.1;Mobile Money
T04416;19/11/2023;C008;P003;S005;5;0.15;Credit Card
T04417;21/08/2024;C191;P001;S004;3;0.15;Credit Card
T04418;28/05/2024;C047;P028;S002;3;0;Mobile Money
T04419;4/11/2024;C077;P004;S002;2;0.1;Cash
T04420;26/04/2025;C068;P035;S002;2;0.15;Cash
T04421;11/12/2023;C028;P029;S005;5;0;Cash
T04422;2/02/2025;C050;P021;S003;4;0.15;Cash
T04423;28/06/2025;C177;P039;S004;2;0;Mobile Money
T04424;4/08/2025;C004;P050;S002;5;0.15;Mobile Money
T04425;15/11/2024;C178;P033;S002;1;0.05;Cash
T04426;11/08/2025;C009;P006;S005;3;0.05;Mobile Money
T04427;15/11/2024;C107;P028;S002;1;0.1;Credit Card
T04428;11/02/2024;C105;P013;S005;5;0;Cash
T04429;21/11/2024;C087;P050;S004;4;0.1;Cash
T04430;26/08/2025;C016;P009;S001;4;0.05;Credit Card
T04431;15/12/2023;C086;P028;S005;1;0;Mobile Money
T04432;26/06/2024;C056;P042;S005;4;0;Credit Card
T04433;8/08/2024;C193;P040;S001;4;0.05;Credit Card
T04434;26/08/2024;C024;P031;S001;2;0.15;Cash
T04435;26/08/2025;C191;P016;S005;4;0;Mobile Money
T04436;15/12/2023;C127;P003;S002;2;0;Cash
T04437;20/06/2024;C065;P004;S003;3;0.15;Cash
T04438;29/06/2024;C127;P017;S001;5;0.05;Cash
T04439;13/05/2025;C122;P027;S001;4;0.1;Bank Transfer
T04440;17/06/2025;C063;P045;S004;1;0.05;Credit Card
T04441;18/12/2023;C195;P010;S003;3;0.05;Credit Card
T04442;17/08/2024;C093;P041;S002;1;0.15;Cash
T04443;23/12/2023;C037;P039;S003;2;0.05;Bank Transfer
T04444;19/11/2023;C194;P008;S001;2;0;Bank Transfer
T04445;3/11/2024;C079;P049;S004;4;0.05;Mobile Money
T04446;31/01/2024;C158;P043;S001;2;0.05;Mobile Money
T04447;11/04/2025;C165;P049;S003;3;0;Credit Card
T04448;10/04/2024;C034;P014;S004;4;0;Mobile Money
T04449;22/05/2024;C155;P032;S003;5;0;Credit Card
T04450;25/11/2024;C070;P036;S003;3;0.1;Cash
T04451;19/01/2025;C098;P020;S001;2;0;Cash
T04452;9/05/2024;C148;P033;S001;3;0;Credit Card
T04453;23/04/2025;C111;P009;S005;4;0.1;Mobile Money
T04454;27/01/2024;C066;P032;S004;5;0.15;Mobile Money
T04455;2/08/2024;C033;P007;S002;4;0.15;Cash
T04456;4/10/2023;C003;P024;S005;5;0.1;Bank Transfer
T04457;11/01/2024;C117;P007;S003;1;0.05;Mobile Money
T04458;10/11/2023;C169;P004;S005;1;0;Cash
T04459;31/01/2025;C126;P019;S003;5;0.05;Cash
T04460;16/05/2025;C112;P028;S003;1;0;Mobile Money
T04461;6/06/2025;C147;P023;S005;2;0.15;Credit Card
T04462;17/06/2025;C051;P034;S003;2;0.1;Bank Transfer
T04463;25/12/2024;C131;P011;S004;3;0.15;Cash
T04464;27/03/2025;C130;P045;S002;1;0.05;Mobile Money
T04465;7/10/2023;C082;P033;S003;4;0.05;Credit Card
T04466;15/06/2025;C183;P001;S001;2;0;Credit Card
T04467;4/10/2024;C052;P034;S004;2;0;Bank Transfer
T04468;5/11/2024;C085;P015;S001;2;0.05;Cash
T04469;28/01/2024;C016;P013;S001;1;0.15;Credit Card
T04470;1/06/2025;C075;P036;S004;4;0.05;Cash
T04471;1/09/2024;C157;P013;S001;1;0;Cash
T04472;26/02/2024;C065;P034;S001;4;0;Cash
T04473;29/11/2024;C149;P025;S001;4;0.05;Credit Card
T04474;24/03/2024;C036;P043;S004;2;0.15;Mobile Money
T04475;6/02/2025;C190;P001;S005;1;0.15;Cash
T04476;3/08/2025;C139;P017;S003;3;0;Mobile Money
T04477;6/06/2025;C123;P047;S003;4;0.05;Cash
T04478;11/12/2024;C013;P025;S001;5;0.1;Credit Card
T04479;20/11/2024;C064;P027;S004;1;0;Credit Card
T04480;14/08/2024;C115;P037;S001;1;0;Bank Transfer
T04481;27/08/2025;C024;P005;S005;5;0.1;Bank Transfer
T04482;31/01/2024;C085;P035;S005;2;0.1;Credit Card
T04483;20/12/2024;C005;P038;S002;3;0;Cash
T04484;4/07/2024;C093;P031;S002;3;0.05;Bank Transfer
T04485;15/07/2025;C106;P047;S004;1;0.15;Bank Transfer
T04486;29/02/2024;C097;P024;S005;5;0.1;Bank Transfer
T04487;21/04/2024;C149;P019;S003;4;0.15;Mobile Money
T04488;14/01/2025;C038;P026;S001;1;0;Credit Card
T04489;20/08/2024;C069;P008;S001;2;0;Credit Card
T04490;13/03/2024;C036;P026;S002;5;0.15;Bank Transfer
T04491;30/05/2025;C001;P013;S002;4;0.05;Cash
T04492;15/02/2024;C136;P002;S003;5;0;Mobile Money
T04493;6/07/2025;C068;P042;S003;2;0.15;Credit Card
T04494;27/06/2024;C092;P043;S002;4;0.1;Credit Card
T04495;18/09/2023;C057;P034;S003;4;0;Cash
T04496;10/01/2024;C076;P002;S001;2;0;Credit Card
T04497;17/03/2024;C142;P025;S003;1;0;Mobile Money
T04498;15/10/2023;C018;P023;S002;3;0.1;Cash
T04499;2/04/2025;C074;P037;S004;1;0;Cash
T04500;1/03/2025;C119;P045;S005;2;0.05;Cash
T04501;30/09/2023;C068;P049;S004;4;0;Cash
T04502;17/04/2025;C022;P008;S002;5;0.05;Credit Card
T04503;15/03/2025;C118;P006;S001;1;0;Credit Card
T04504;17/05/2025;C052;P002;S002;5;0.15;Cash
T04505;4/12/2024;C090;P029;S001;2;0;Bank Transfer
T04506;11/09/2023;C137;P026;S003;1;0.15;Mobile Money
T04507;8/10/2023;C112;P032;S003;2;0.1;Bank Transfer
T04508;24/12/2024;C098;P018;S001;3;0.05;Credit Card
T04509;17/12/2024;C113;P035;S004;2;0.1;Mobile Money
T04510;9/09/2024;C007;P038;S001;5;0;Bank Transfer
T04511;15/03/2025;C061;P031;S001;3;0.15;Credit Card
T04512;24/09/2023;C188;P026;S003;4;0.05;Bank Transfer
T04513;11/12/2023;C061;P046;S003;5;0.15;Cash
T04514;2/03/2025;C126;P024;S004;5;0.05;Credit Card
T04515;3/06/2025;C082;P001;S001;2;0.15;Credit Card
T04516;3/08/2024;C101;P005;S004;1;0.15;Mobile Money
T04517;18/05/2024;C181;P029;S004;3;0.15;Credit Card
T04518;16/05/2024;C034;P036;S003;1;0.15;Mobile Money
T04519;24/06/2024;C140;P005;S004;5;0.1;Bank Transfer
T04520;9/06/2025;C122;P040;S004;1;0.05;Cash
T04521;12/06/2024;C164;P049;S002;3;0;Cash
T04522;7/03/2025;C106;P002;S001;5;0.1;Mobile Money
T04523;5/04/2025;C078;P019;S002;2;0.05;Bank Transfer
T04524;28/08/2025;C070;P049;S002;3;0;Bank Transfer
T04525;24/04/2024;C186;P009;S004;4;0.05;Cash
T04526;15/03/2024;C039;P002;S001;3;0.15;Bank Transfer
T04527;6/10/2024;C155;P042;S003;2;0.1;Bank Transfer
T04528;15/07/2025;C148;P016;S002;1;0.15;Bank Transfer
T04529;23/02/2025;C073;P007;S001;1;0;Mobile Money
T04530;31/05/2025;C199;P045;S002;5;0;Credit Card
T04531;5/04/2024;C119;P005;S002;1;0.15;Credit Card
T04532;18/06/2025;C079;P044;S002;3;0.1;Credit Card
T04533;2/04/2025;C186;P011;S001;5;0.1;Mobile Money
T04534;15/12/2024;C138;P006;S001;4;0.15;Bank Transfer
T04535;25/04/2025;C199;P018;S001;3;0;Cash
T04536;11/09/2024;C012;P031;S002;1;0.05;Bank Transfer
T04537;19/11/2023;C080;P020;S002;3;0;Credit Card
T04538;2/08/2024;C064;P018;S001;1;0.15;Cash
T04539;30/09/2024;C080;P020;S005;5;0.15;Cash
T04540;16/08/2025;C062;P022;S004;2;0;Mobile Money
T04541;19/12/2024;C014;P043;S001;2;0.05;Cash
T04542;6/01/2025;C179;P026;S002;1;0.15;Cash
T04543;9/06/2024;C021;P044;S001;3;0;Cash
T04544;28/10/2023;C054;P019;S003;4;0;Credit Card
T04545;29/09/2023;C028;P020;S004;1;0.15;Mobile Money
T04546;23/08/2025;C012;P043;S001;4;0.05;Bank Transfer
T04547;29/05/2025;C176;P042;S005;1;0.1;Cash
T04548;13/01/2024;C149;P036;S003;4;0.1;Bank Transfer
T04549;27/05/2024;C003;P034;S001;1;0.05;Mobile Money
T04550;2/05/2024;C088;P019;S002;3;0.05;Cash
T04551;4/12/2023;C006;P007;S004;2;0.15;Cash
T04552;29/09/2023;C121;P034;S002;4;0;Credit Card
T04553;26/12/2023;C120;P049;S001;4;0;Mobile Money
T04554;24/03/2025;C008;P037;S005;5;0;Mobile Money
T04555;30/03/2025;C040;P006;S002;2;0.15;Bank Transfer
T04556;26/11/2024;C124;P048;S004;1;0.05;Mobile Money
T04557;1/01/2024;C087;P049;S002;1;0.15;Mobile Money
T04558;2/04/2025;C144;P005;S001;1;0.05;Bank Transfer
T04559;20/04/2024;C141;P007;S001;5;0.1;Bank Transfer
T04560;12/09/2023;C120;P046;S005;1;0;Credit Card
T04561;4/08/2024;C167;P041;S003;3;0.05;Credit Card
T04562;2/12/2023;C055;P046;S004;2;0.05;Cash
T04563;24/09/2023;C101;P038;S005;1;0.15;Mobile Money
T04564;11/07/2025;C142;P009;S003;4;0.1;Mobile Money
T04565;2/06/2025;C171;P004;S004;1;0.15;Mobile Money
T04566;15/10/2023;C175;P027;S003;1;0.15;Cash
T04567;25/04/2024;C063;P030;S005;3;0.05;Cash
T04568;29/11/2023;C083;P031;S001;1;0.15;Bank Transfer
T04569;8/02/2025;C038;P014;S004;1;0;Mobile Money
T04570;25/06/2025;C003;P021;S002;2;0.1;Cash
T04571;31/07/2024;C167;P005;S005;3;0.05;Bank Transfer
T04572;22/11/2023;C055;P029;S001;5;0.05;Credit Card
T04573;4/02/2025;C074;P050;S005;3;0;Credit Card
T04574;6/12/2024;C007;P006;S001;3;0;Mobile Money
T04575;19/02/2025;C154;P050;S001;1;0.1;Credit Card
T04576;15/11/2023;C012;P009;S002;1;0.1;Cash
T04577;6/02/2025;C097;P031;S004;3;0.15;Bank Transfer
T04578;19/09/2024;C104;P043;S002;2;0.1;Credit Card
T04579;29/10/2024;C080;P037;S005;1;0;Cash
T04580;29/03/2025;C084;P019;S001;1;0.1;Mobile Money
T04581;9/07/2025;C108;P028;S003;2;0.15;Mobile Money
T04582;2/07/2025;C032;P030;S003;4;0.05;Bank Transfer
T04583;11/06/2024;C083;P001;S001;2;0;Mobile Money
T04584;22/09/2024;C127;P034;S003;1;0.05;Credit Card
T04585;17/06/2024;C152;P010;S003;5;0.15;Cash
T04586;11/01/2025;C088;P018;S003;3;0.05;Mobile Money
T04587;21/05/2025;C164;P040;S001;5;0.15;Credit Card
T04588;3/07/2024;C059;P037;S004;1;0.05;Bank Transfer
T04589;17/02/2025;C075;P044;S004;3;0.1;Mobile Money
T04590;24/05/2025;C198;P037;S004;4;0.05;Cash
T04591;7/04/2025;C092;P048;S001;4;0;Cash
T04592;23/06/2025;C118;P042;S002;1;0.15;Cash
T04593;23/07/2025;C093;P038;S004;3;0.15;Credit Card
T04594;9/01/2025;C124;P029;S001;2;0;Mobile Money
T04595;16/03/2025;C082;P005;S003;2;0;Credit Card
T04596;6/01/2025;C114;P018;S003;1;0.1;Bank Transfer
T04597;21/05/2025;C181;P012;S004;2;0.15;Cash
T04598;24/06/2025;C042;P017;S005;2;0.1;Bank Transfer
T04599;15/03/2024;C198;P006;S004;5;0.15;Credit Card
T04600;19/12/2024;C116;P021;S002;5;0.1;Cash
T04601;30/05/2025;C115;P049;S004;4;0.1;Credit Card
T04602;23/03/2024;C003;P003;S004;4;0.05;Credit Card
T04603;1/12/2023;C123;P024;S001;2;0.1;Credit Card
T04604;15/02/2025;C187;P007;S005;4;0.15;Mobile Money
T04605;8/10/2024;C178;P031;S002;3;0.05;Credit Card
T04606;25/03/2025;C136;P044;S004;5;0.15;Cash
T04607;27/11/2024;C105;P043;S001;3;0.15;Credit Card
T04608;15/05/2025;C046;P008;S001;3;0.1;Credit Card
T04609;17/12/2024;C067;P010;S001;3;0;Credit Card
T04610;28/06/2024;C122;P034;S002;5;0.15;Cash
T04611;24/08/2025;C084;P007;S005;4;0.15;Bank Transfer
T04612;19/02/2025;C199;P031;S001;3;0.05;Bank Transfer
T04613;6/01/2024;C106;P003;S004;1;0.15;Mobile Money
T04614;29/09/2024;C128;P045;S003;3;0.1;Credit Card
T04615;19/12/2023;C112;P041;S001;5;0;Credit Card
T04616;16/11/2023;C135;P015;S003;2;0.05;Mobile Money
T04617;15/09/2023;C054;P012;S004;2;0.15;Credit Card
T04618;14/07/2025;C047;P045;S001;2;0.05;Credit Card
T04619;10/02/2025;C124;P004;S001;1;0;Mobile Money
T04620;22/02/2024;C095;P027;S004;4;0;Mobile Money
T04621;15/11/2023;C028;P003;S004;2;0;Bank Transfer
T04622;19/11/2023;C041;P023;S005;5;0.1;Cash
T04623;2/06/2025;C074;P013;S003;5;0.15;Credit Card
T04624;6/07/2025;C009;P018;S003;2;0;Mobile Money
T04625;21/04/2024;C149;P041;S001;2;0.05;Credit Card
T04626;23/02/2024;C008;P049;S002;4;0;Cash
T04627;17/06/2025;C069;P025;S002;4;0.1;Mobile Money
T04628;6/04/2025;C020;P017;S001;4;0;Cash
T04629;1/07/2025;C116;P032;S004;1;0.05;Cash
T04630;28/11/2023;C103;P024;S002;4;0;Bank Transfer
T04631;24/07/2024;C176;P010;S001;1;0.1;Credit Card
T04632;30/12/2023;C054;P018;S002;4;0.15;Credit Card
T04633;9/02/2025;C065;P044;S003;4;0.05;Cash
T04634;22/07/2024;C113;P013;S002;5;0.1;Mobile Money
T04635;16/01/2025;C111;P037;S002;5;0;Credit Card
T04636;18/08/2024;C145;P049;S001;4;0.1;Bank Transfer
T04637;6/08/2024;C016;P016;S002;3;0.1;Cash
T04638;10/04/2025;C179;P035;S005;2;0.05;Credit Card
T04639;22/03/2024;C119;P011;S002;4;0.05;Cash
T04640;24/04/2024;C041;P045;S005;1;0.15;Credit Card
T04641;28/05/2024;C090;P039;S001;3;0.15;Cash
T04642;5/12/2024;C033;P026;S004;4;0.15;Mobile Money
T04643;21/08/2025;C166;P047;S003;2;0.15;Credit Card
T04644;3/05/2024;C142;P005;S003;3;0.05;Mobile Money
T04645;20/11/2024;C068;P004;S005;5;0.1;Cash
T04646;11/04/2025;C116;P039;S001;5;0.15;Bank Transfer
T04647;6/12/2024;C001;P010;S004;4;0.1;Mobile Money
T04648;14/09/2023;C006;P034;S002;1;0;Cash
T04649;3/09/2024;C145;P005;S002;5;0;Credit Card
T04650;26/09/2024;C048;P033;S001;3;0.1;Credit Card
T04651;10/11/2024;C159;P034;S001;3;0.1;Cash
T04652;4/08/2024;C150;P030;S002;2;0.05;Bank Transfer
T04653;7/03/2024;C050;P019;S002;2;0.05;Cash
T04654;5/07/2024;C043;P028;S002;3;0;Cash
T04655;27/06/2024;C040;P043;S003;3;0.1;Cash
T04656;26/05/2025;C030;P038;S005;2;0.1;Bank Transfer
T04657;4/01/2024;C085;P011;S001;2;0.15;Bank Transfer
T04658;24/06/2025;C178;P017;S002;5;0.05;Credit Card
T04659;16/10/2023;C050;P019;S002;3;0.05;Mobile Money
T04660;19/06/2024;C042;P031;S005;4;0.05;Cash
T04661;13/03/2024;C138;P034;S001;3;0.05;Cash
T04662;21/04/2025;C033;P027;S003;3;0;Credit Card
T04663;16/11/2023;C149;P008;S001;4;0.1;Mobile Money
T04664;17/06/2025;C081;P034;S005;5;0.05;Cash
T04665;6/06/2024;C031;P028;S002;2;0.15;Mobile Money
T04666;31/01/2024;C051;P039;S001;4;0.15;Bank Transfer
T04667;28/08/2025;C151;P025;S003;3;0.05;Cash
T04668;10/12/2023;C004;P028;S004;2;0.1;Cash
T04669;27/02/2025;C145;P045;S002;4;0.1;Cash
T04670;26/02/2024;C151;P010;S002;2;0.15;Mobile Money
T04671;26/05/2025;C020;P046;S002;1;0.15;Bank Transfer
T04672;2/08/2024;C060;P048;S004;2;0.15;Bank Transfer
T04673;2/03/2025;C122;P002;S003;2;0.15;Bank Transfer
T04674;8/07/2024;C099;P022;S001;2;0;Mobile Money
T04675;12/11/2023;C031;P017;S004;2;0;Cash
T04676;25/11/2023;C147;P020;S005;2;0.1;Bank Transfer
T04677;1/06/2025;C036;P012;S003;1;0.05;Credit Card
T04678;9/01/2025;C181;P007;S001;1;0.1;Credit Card
T04679;15/05/2025;C085;P021;S003;1;0.1;Cash
T04680;25/07/2025;C070;P007;S002;2;0;Cash
T04681;24/01/2025;C077;P001;S002;1;0.15;Mobile Money
T04682;3/07/2025;C152;P047;S004;2;0.1;Mobile Money
T04683;28/06/2024;C155;P006;S002;3;0.1;Credit Card
T04684;15/11/2023;C040;P006;S001;5;0.05;Bank Transfer
T04685;19/05/2025;C161;P011;S003;5;0;Credit Card
T04686;3/10/2024;C189;P009;S001;3;0.15;Mobile Money
T04687;11/08/2024;C011;P032;S004;4;0.15;Credit Card
T04688;7/08/2025;C054;P047;S002;2;0.15;Bank Transfer
T04689;22/09/2023;C025;P023;S003;5;0;Credit Card
T04690;16/07/2024;C088;P007;S004;5;0.1;Mobile Money
T04691;8/10/2023;C071;P010;S001;5;0.1;Bank Transfer
T04692;18/06/2025;C189;P050;S005;5;0.05;Credit Card
T04693;1/09/2024;C199;P019;S003;4;0.15;Credit Card
T04694;6/03/2024;C104;P031;S002;1;0.1;Mobile Money
T04695;30/07/2024;C124;P008;S002;5;0.05;Bank Transfer
T04696;5/11/2023;C079;P035;S002;3;0.1;Cash
T04697;18/07/2024;C150;P005;S004;2;0.05;Credit Card
T04698;25/10/2023;C047;P035;S003;1;0;Credit Card
T04699;2/04/2024;C091;P032;S004;2;0.1;Mobile Money
T04700;19/09/2023;C045;P024;S005;4;0.05;Bank Transfer
T04701;9/10/2024;C047;P037;S001;1;0.05;Credit Card
T04702;21/03/2024;C063;P048;S003;1;0.1;Credit Card
T04703;14/04/2024;C153;P012;S001;1;0.15;Mobile Money
T04704;21/05/2024;C044;P041;S004;1;0.05;Mobile Money
T04705;25/04/2024;C103;P030;S001;3;0.1;Cash
T04706;15/09/2023;C149;P045;S003;4;0.05;Credit Card
T04707;14/01/2024;C018;P017;S004;3;0;Cash
T04708;22/06/2024;C184;P050;S002;5;0;Cash
T04709;24/06/2024;C189;P050;S001;5;0.05;Credit Card
T04710;15/08/2024;C095;P015;S002;5;0.05;Credit Card
T04711;21/09/2024;C042;P041;S003;4;0;Cash
T04712;24/06/2024;C152;P027;S002;4;0;Cash
T04713;28/12/2023;C108;P050;S001;5;0.05;Mobile Money
T04714;6/05/2024;C125;P024;S001;3;0.15;Bank Transfer
T04715;11/08/2025;C103;P046;S001;4;0;Mobile Money
T04716;5/06/2024;C112;P049;S002;4;0.1;Credit Card
T04717;16/06/2024;C182;P050;S005;3;0;Cash
T04718;8/01/2024;C147;P019;S003;2;0.15;Credit Card
T04719;30/06/2024;C052;P028;S003;4;0;Mobile Money
T04720;17/10/2023;C109;P016;S002;2;0;Credit Card
T04721;14/04/2024;C051;P026;S004;1;0;Bank Transfer
T04722;25/09/2024;C073;P045;S001;4;0.1;Credit Card
T04723;12/05/2025;C052;P012;S001;4;0.1;Bank Transfer
T04724;18/03/2025;C074;P025;S001;2;0.15;Credit Card
T04725;28/05/2024;C119;P047;S004;4;0.1;Mobile Money
T04726;22/03/2024;C108;P048;S001;4;0.05;Bank Transfer
T04727;2/01/2025;C155;P035;S003;2;0;Bank Transfer
T04728;22/09/2024;C110;P035;S001;4;0.1;Bank Transfer
T04729;30/04/2025;C026;P044;S005;5;0.15;Cash
T04730;17/09/2024;C023;P019;S004;5;0.05;Credit Card
T04731;1/07/2024;C077;P022;S002;1;0.05;Bank Transfer
T04732;1/12/2024;C144;P007;S002;4;0.1;Bank Transfer
T04733;26/10/2024;C198;P009;S003;1;0.15;Credit Card
T04734;16/08/2024;C057;P024;S003;3;0.15;Bank Transfer
T04735;18/11/2024;C051;P015;S005;4;0.1;Mobile Money
T04736;2/06/2025;C146;P014;S001;2;0.1;Bank Transfer
T04737;14/01/2024;C198;P023;S005;3;0.05;Mobile Money
T04738;23/06/2024;C195;P011;S002;4;0;Bank Transfer
T04739;23/11/2023;C177;P026;S004;2;0.05;Mobile Money
T04740;19/08/2025;C188;P005;S003;1;0;Cash
T04741;26/01/2025;C153;P019;S003;2;0.1;Bank Transfer
T04742;5/05/2025;C124;P014;S003;2;0;Mobile Money
T04743;19/05/2024;C186;P028;S003;2;0.1;Cash
T04744;7/06/2025;C009;P031;S005;2;0.15;Cash
T04745;12/02/2024;C068;P013;S004;1;0.1;Mobile Money
T04746;5/01/2025;C166;P047;S004;1;0.1;Credit Card
T04747;20/10/2024;C117;P016;S005;5;0.1;Bank Transfer
T04748;13/07/2025;C055;P048;S004;1;0.15;Mobile Money
T04749;20/01/2024;C022;P023;S005;4;0.1;Mobile Money
T04750;7/11/2023;C066;P031;S004;4;0.05;Mobile Money
T04751;13/03/2024;C194;P012;S002;4;0;Bank Transfer
T04752;22/01/2025;C169;P020;S003;1;0.1;Cash
T04753;27/10/2024;C016;P029;S002;4;0.15;Credit Card
T04754;14/02/2025;C148;P023;S001;1;0.1;Bank Transfer
T04755;11/03/2024;C011;P003;S004;5;0.15;Cash
T04756;11/11/2024;C075;P038;S002;3;0.15;Mobile Money
T04757;11/07/2025;C009;P010;S003;1;0.05;Credit Card
T04758;19/05/2025;C114;P047;S003;4;0.05;Credit Card
T04759;9/05/2025;C007;P023;S004;4;0.15;Credit Card
T04760;15/04/2024;C006;P013;S004;4;0;Credit Card
T04761;10/02/2025;C047;P028;S002;4;0.15;Mobile Money
T04762;29/08/2025;C148;P045;S003;1;0;Mobile Money
T04763;22/08/2025;C131;P050;S005;4;0.1;Credit Card
T04764;21/02/2025;C129;P043;S003;5;0;Mobile Money
T04765;13/06/2025;C121;P020;S002;5;0.15;Credit Card
T04766;9/12/2023;C078;P012;S002;5;0.15;Mobile Money
T04767;19/09/2024;C007;P047;S003;3;0;Bank Transfer
T04768;10/07/2024;C147;P001;S002;2;0;Mobile Money
T04769;24/02/2024;C016;P045;S003;5;0.15;Cash
T04770;28/07/2024;C140;P001;S004;4;0;Mobile Money
T04771;7/06/2025;C101;P021;S002;2;0;Cash
T04772;26/09/2024;C103;P041;S002;5;0;Mobile Money
T04773;20/06/2025;C050;P024;S005;5;0.05;Cash
T04774;30/09/2023;C173;P004;S005;5;0.05;Mobile Money
T04775;22/02/2024;C031;P005;S005;2;0.15;Bank Transfer
T04776;18/06/2024;C197;P016;S002;2;0.15;Cash
T04777;8/09/2025;C118;P018;S001;5;0.15;Bank Transfer
T04778;21/06/2024;C157;P002;S003;2;0.15;Bank Transfer
T04779;27/10/2024;C041;P049;S001;2;0.05;Cash
T04780;5/11/2024;C173;P011;S002;3;0.1;Cash
T04781;28/05/2024;C029;P024;S003;3;0.15;Mobile Money
T04782;1/04/2024;C007;P008;S004;5;0.05;Cash
T04783;10/12/2023;C158;P008;S003;5;0.15;Credit Card
T04784;3/07/2025;C001;P017;S003;3;0.05;Bank Transfer
T04785;29/10/2024;C060;P020;S005;5;0.1;Credit Card
T04786;23/04/2024;C014;P020;S002;1;0.15;Cash
T04787;16/09/2024;C107;P017;S004;5;0;Mobile Money
T04788;29/10/2023;C163;P006;S004;3;0.05;Cash
T04789;15/03/2025;C088;P048;S005;5;0;Cash
T04790;30/03/2024;C098;P032;S003;5;0.05;Cash
T04791;18/01/2025;C085;P029;S001;2;0.15;Cash
T04792;20/01/2024;C030;P032;S004;1;0.05;Mobile Money
T04793;2/07/2024;C162;P024;S003;1;0.15;Cash
T04794;18/03/2025;C053;P023;S001;5;0;Cash
T04795;16/12/2024;C117;P034;S002;4;0.05;Credit Card
T04796;20/05/2024;C154;P041;S004;5;0.05;Bank Transfer
T04797;13/09/2023;C077;P001;S005;3;0;Cash
T04798;8/04/2024;C118;P006;S002;5;0.1;Credit Card
T04799;22/09/2024;C165;P020;S004;3;0;Cash
T04800;21/10/2024;C108;P015;S005;1;0.15;Cash
T04801;7/04/2025;C185;P004;S005;4;0;Credit Card
T04802;3/07/2025;C121;P021;S004;4;0.05;Cash
T04803;3/02/2025;C143;P005;S001;5;0.05;Cash
T04804;17/11/2023;C062;P033;S005;1;0.15;Cash
T04805;8/08/2025;C163;P016;S002;4;0.05;Bank Transfer
T04806;31/07/2025;C072;P012;S003;2;0.1;Mobile Money
T04807;21/08/2025;C162;P020;S002;3;0.1;Mobile Money
T04808;23/05/2024;C002;P013;S001;2;0;Bank Transfer
T04809;17/10/2024;C170;P006;S002;3;0.05;Bank Transfer
T04810;11/05/2024;C056;P034;S004;5;0;Cash
T04811;18/05/2024;C040;P040;S002;4;0.1;Credit Card
T04812;18/11/2023;C003;P003;S002;5;0.1;Mobile Money
T04813;4/05/2024;C104;P016;S001;2;0.15;Mobile Money
T04814;21/12/2023;C001;P001;S002;3;0.05;Mobile Money
T04815;18/04/2024;C082;P047;S002;3;0;Bank Transfer
T04816;28/05/2024;C091;P045;S002;4;0.1;Cash
T04817;17/01/2024;C180;P007;S005;4;0.1;Bank Transfer
T04818;19/03/2024;C174;P036;S001;2;0.15;Bank Transfer
T04819;4/12/2024;C131;P041;S005;2;0;Bank Transfer
T04820;17/10/2024;C184;P004;S005;4;0.15;Credit Card
T04821;3/04/2025;C133;P029;S003;3;0.15;Mobile Money
T04822;27/04/2025;C039;P004;S002;2;0.05;Mobile Money
T04823;17/03/2024;C010;P028;S004;4;0.15;Mobile Money
T04824;9/05/2024;C073;P007;S005;1;0.05;Bank Transfer
T04825;8/08/2025;C149;P012;S003;5;0.15;Credit Card
T04826;13/06/2025;C035;P009;S001;3;0.05;Mobile Money
T04827;7/12/2024;C048;P023;S002;4;0.05;Cash
T04828;21/12/2024;C099;P035;S004;4;0;Mobile Money
T04829;21/10/2024;C146;P010;S005;4;0.05;Credit Card
T04830;7/06/2025;C089;P029;S004;5;0.05;Credit Card
T04831;19/04/2025;C056;P031;S003;5;0.15;Mobile Money
T04832;4/09/2024;C143;P037;S005;4;0.15;Mobile Money
T04833;26/06/2024;C157;P008;S002;3;0.15;Cash
T04834;14/03/2025;C078;P050;S001;2;0.1;Credit Card
T04835;14/03/2025;C013;P036;S005;3;0.05;Cash
T04836;7/08/2025;C084;P022;S002;5;0.05;Cash
T04837;10/04/2025;C040;P037;S002;4;0;Cash
T04838;8/04/2024;C002;P032;S001;3;0.1;Cash
T04839;19/11/2024;C168;P040;S004;4;0.05;Cash
T04840;23/02/2024;C079;P032;S002;1;0.1;Cash
T04841;22/01/2024;C056;P001;S003;1;0;Credit Card
T04842;9/12/2024;C133;P007;S005;4;0.1;Credit Card
T04843;29/04/2024;C163;P031;S005;4;0.05;Cash
T04844;1/10/2023;C152;P013;S005;5;0.15;Bank Transfer
T04845;31/12/2023;C172;P018;S004;3;0.05;Credit Card
T04846;9/03/2024;C076;P018;S001;3;0.05;Cash
T04847;6/11/2024;C133;P008;S002;2;0.1;Credit Card
T04848;28/12/2023;C008;P041;S005;4;0.15;Mobile Money
T04849;17/04/2024;C156;P022;S001;5;0.1;Mobile Money
T04850;31/08/2025;C033;P029;S005;5;0;Bank Transfer
T04851;29/05/2024;C103;P037;S005;2;0;Cash
T04852;8/04/2025;C122;P006;S003;2;0;Mobile Money
T04853;20/08/2024;C158;P043;S004;4;0;Mobile Money
T04854;2/02/2025;C147;P020;S003;4;0.05;Bank Transfer
T04855;25/03/2025;C002;P018;S003;2;0.1;Mobile Money
T04856;1/01/2025;C066;P012;S001;2;0.1;Credit Card
T04857;16/01/2024;C019;P014;S002;4;0.1;Mobile Money
T04858;5/05/2025;C025;P010;S001;1;0.15;Mobile Money
T04859;2/05/2024;C127;P017;S002;2;0;Mobile Money
T04860;17/01/2025;C090;P041;S001;2;0.15;Cash
T04861;18/11/2023;C194;P010;S005;2;0;Credit Card
T04862;29/02/2024;C178;P003;S003;5;0;Credit Card
T04863;11/08/2025;C133;P050;S004;2;0.05;Mobile Money
T04864;13/12/2023;C011;P010;S002;3;0.05;Bank Transfer
T04865;12/09/2023;C080;P002;S003;4;0.1;Cash
T04866;9/04/2025;C200;P007;S003;4;0.15;Cash
T04867;31/08/2025;C114;P030;S005;4;0.05;Credit Card
T04868;15/05/2024;C081;P002;S001;1;0.15;Mobile Money
T04869;23/06/2025;C083;P049;S001;5;0;Mobile Money
T04870;22/08/2024;C162;P035;S001;5;0.1;Cash
T04871;22/05/2025;C124;P031;S002;2;0.1;Cash
T04872;14/02/2025;C069;P015;S003;4;0.05;Bank Transfer
T04873;16/03/2024;C010;P037;S005;1;0.1;Cash
T04874;16/12/2023;C089;P023;S003;5;0;Cash
T04875;12/11/2024;C083;P007;S004;3;0.1;Mobile Money
T04876;9/08/2025;C172;P035;S003;2;0;Mobile Money
T04877;4/04/2024;C013;P007;S004;4;0;Cash
T04878;10/10/2024;C073;P015;S001;5;0.05;Cash
T04879;22/01/2024;C184;P007;S003;3;0.1;Cash
T04880;30/12/2023;C139;P045;S003;1;0.05;Credit Card
T04881;26/05/2025;C046;P022;S001;5;0;Credit Card
T04882;2/11/2024;C151;P002;S004;4;0.05;Cash
T04883;23/03/2025;C062;P047;S005;3;0.15;Bank Transfer
T04884;18/06/2025;C161;P044;S001;4;0;Credit Card
T04885;28/05/2024;C101;P032;S003;2;0.1;Cash
T04886;24/12/2024;C098;P001;S003;4;0.05;Credit Card
T04887;15/12/2023;C185;P015;S002;3;0.15;Credit Card
T04888;17/09/2023;C052;P033;S001;2;0.15;Bank Transfer
T04889;22/04/2025;C068;P022;S001;5;0;Mobile Money
T04890;11/05/2024;C125;P001;S001;5;0.15;Cash
T04891;15/01/2025;C153;P033;S002;1;0;Cash
T04892;28/01/2025;C139;P020;S003;2;0;Cash
T04893;15/01/2024;C052;P030;S002;4;0.15;Cash
T04894;10/11/2023;C025;P018;S003;5;0.1;Bank Transfer
T04895;3/05/2025;C144;P029;S001;3;0.05;Mobile Money
T04896;22/04/2024;C062;P018;S002;1;0;Mobile Money
T04897;10/03/2025;C009;P002;S003;4;0.05;Credit Card
T04898;9/03/2025;C005;P031;S003;2;0.15;Cash
T04899;27/11/2023;C122;P036;S004;3;0.1;Bank Transfer
T04900;31/01/2024;C076;P009;S004;1;0.05;Credit Card
T04901;10/07/2025;C021;P036;S004;1;0.1;Mobile Money
T04902;11/12/2024;C191;P010;S001;5;0.1;Credit Card
T04903;10/03/2025;C148;P009;S003;4;0.15;Mobile Money
T04904;15/06/2024;C105;P048;S002;4;0.05;Credit Card
T04905;19/05/2025;C084;P012;S005;4;0;Bank Transfer
T04906;7/11/2024;C060;P036;S001;2;0.15;Cash
T04907;1/04/2025;C190;P017;S005;3;0;Credit Card
T04908;30/09/2024;C096;P029;S004;5;0.15;Cash
T04909;30/06/2024;C056;P006;S004;5;0.15;Cash
T04910;14/03/2024;C085;P029;S001;4;0.05;Cash
T04911;20/10/2024;C102;P029;S004;2;0.15;Cash
T04912;6/01/2024;C095;P019;S001;2;0;Mobile Money
T04913;23/09/2024;C069;P007;S001;5;0;Cash
T04914;9/05/2025;C056;P044;S005;1;0;Credit Card
T04915;13/05/2024;C016;P015;S002;1;0.05;Bank Transfer
T04916;8/09/2024;C035;P005;S001;5;0.1;Bank Transfer
T04917;30/08/2024;C041;P025;S002;4;0.1;Mobile Money
T04918;14/10/2024;C179;P002;S005;3;0.05;Cash
T04919;27/02/2025;C148;P011;S002;4;0;Cash
T04920;19/05/2024;C160;P014;S005;4;0;Credit Card
T04921;3/12/2024;C119;P047;S003;4;0.1;Bank Transfer
T04922;8/05/2024;C066;P031;S003;5;0.05;Cash
T04923;11/02/2025;C082;P003;S003;5;0.1;Bank Transfer
T04924;27/08/2025;C085;P012;S002;5;0;Cash
T04925;26/08/2024;C143;P035;S001;5;0;Mobile Money
T04926;5/12/2024;C090;P037;S003;5;0.05;Bank Transfer
T04927;21/08/2025;C073;P048;S003;4;0.15;Credit Card
T04928;2/05/2025;C043;P046;S005;3;0.05;Cash
T04929;28/04/2025;C127;P015;S005;4;0;Bank Transfer
T04930;4/05/2024;C180;P003;S004;4;0;Credit Card
T04931;22/10/2023;C105;P006;S001;4;0.05;Bank Transfer
T04932;10/07/2024;C139;P009;S004;1;0.15;Cash
T04933;1/04/2025;C076;P018;S004;2;0.15;Mobile Money
T04934;22/01/2024;C005;P025;S002;2;0.1;Cash
T04935;24/02/2025;C094;P042;S005;3;0;Cash
T04936;2/03/2024;C096;P027;S002;1;0;Mobile Money
T04937;19/08/2024;C059;P017;S001;4;0.15;Cash
T04938;18/01/2025;C081;P046;S004;1;0.1;Mobile Money
T04939;21/09/2024;C147;P021;S001;3;0.05;Credit Card
T04940;27/02/2025;C066;P023;S003;1;0.05;Credit Card
T04941;10/01/2025;C152;P028;S003;3;0.15;Bank Transfer
T04942;4/01/2024;C015;P044;S004;3;0.1;Credit Card
T04943;23/12/2023;C025;P028;S003;4;0;Bank Transfer
T04944;11/01/2024;C186;P047;S004;1;0;Mobile Money
T04945;12/11/2023;C112;P037;S003;4;0.05;Mobile Money
T04946;27/12/2024;C085;P043;S004;1;0.05;Credit Card
T04947;30/08/2025;C083;P013;S005;4;0.1;Mobile Money
T04948;24/01/2025;C102;P016;S005;1;0.1;Mobile Money
T04949;10/05/2024;C013;P001;S002;2;0.15;Mobile Money
T04950;10/11/2024;C188;P015;S001;5;0.1;Credit Card
T04951;9/02/2024;C002;P022;S001;5;0.05;Credit Card
T04952;26/12/2023;C007;P004;S005;3;0.15;Mobile Money
T04953;2/02/2025;C062;P046;S002;2;0.05;Mobile Money
T04954;4/01/2024;C055;P028;S002;2;0.15;Bank Transfer
T04955;27/03/2024;C067;P025;S001;2;0.05;Bank Transfer
T04956;26/01/2024;C062;P034;S002;4;0.15;Mobile Money
T04957;28/10/2023;C159;P031;S005;2;0.1;Credit Card
T04958;19/09/2024;C113;P019;S004;2;0.05;Credit Card
T04959;12/08/2025;C185;P034;S005;3;0.05;Cash
T04960;21/03/2024;C035;P004;S002;2;0;Cash
T04961;19/04/2025;C065;P021;S001;1;0.15;Credit Card
T04962;6/07/2025;C059;P009;S002;5;0.1;Bank Transfer
T04963;25/11/2024;C036;P043;S002;3;0.15;Cash
T04964;8/04/2025;C155;P010;S005;5;0.05;Cash
T04965;13/04/2025;C173;P013;S004;3;0.1;Cash
T04966;25/11/2023;C085;P023;S003;3;0.05;Mobile Money
T04967;4/05/2025;C015;P024;S004;3;0.15;Cash
T04968;21/12/2023;C052;P012;S005;2;0;Cash
T04969;21/04/2024;C001;P002;S004;3;0.05;Credit Card
T04970;2/05/2024;C173;P019;S002;2;0.15;Credit Card
T04971;17/09/2024;C033;P045;S004;4;0.15;Mobile Money
T04972;7/04/2024;C056;P004;S002;1;0.15;Cash
T04973;4/07/2025;C102;P046;S004;3;0.15;Cash
T04974;21/10/2024;C114;P039;S001;2;0.1;Cash
T04975;12/07/2024;C061;P010;S004;1;0.1;Bank Transfer
T04976;22/01/2024;C044;P032;S005;5;0.1;Credit Card
T04977;7/02/2024;C162;P011;S003;1;0;Mobile Money
T04978;26/10/2024;C182;P038;S003;1;0.05;Mobile Money
T04979;11/02/2025;C070;P013;S001;4;0.15;Bank Transfer
T04980;16/07/2025;C130;P001;S002;4;0.15;Mobile Money
T04981;31/08/2024;C036;P022;S003;5;0;Mobile Money
T04982;8/06/2025;C041;P037;S001;1;0.05;Mobile Money
T04983;8/09/2025;C049;P030;S005;3;0.15;Bank Transfer
T04984;2/12/2023;C106;P025;S001;3;0.15;Bank Transfer
T04985;26/09/2024;C081;P006;S005;4;0.05;Cash
T04986;21/09/2023;C134;P039;S002;5;0.15;Bank Transfer
T04987;6/09/2024;C154;P001;S001;3;0.15;Cash
T04988;20/09/2023;C151;P023;S005;3;0.1;Cash
T04989;9/02/2024;C073;P035;S005;2;0.05;Mobile Money
T04990;29/08/2024;C199;P036;S004;3;0.05;Credit Card
T04991;18/06/2025;C034;P009;S002;5;0.1;Mobile Money
T04992;17/09/2024;C026;P040;S002;1;0.05;Cash
T04993;2/07/2024;C170;P040;S001;3;0.1;Bank Transfer
T04994;25/07/2024;C059;P004;S003;1;0;Cash
T04995;7/04/2025;C047;P032;S004;4;0.05;Credit Card
T04996;14/08/2025;C050;P039;S005;5;0.1;Mobile Money
T04997;24/11/2024;C077;P021;S002;2;0.1;Mobile Money
T04998;8/08/2025;C184;P005;S004;5;0.15;Cash
T04999;14/03/2024;C132;P004;S005;5;0.05;Credit Card
T05000;16/07/2024;C053;P034;S004;5;0.15;Cash
